,SOAP 1,SOAP 2
UmVhY3Rpb246NDMzNjc5_COSTAR,[0. 0. 0. ... 0. 0. 0.],[0. 0. 0. ... 0. 0. 0.]
UmVhY3Rpb246NDM0MDUw_NOSTAR,[0. 0. 0. ... 0. 0. 0.],[0. 0. 0. ... 0. 0. 0.]
UmVhY3Rpb246OA==_NOGAS,[0. 0. 0. ... 0. 0. 0.],[0. 0. 0. ... 0. 0. 0.]
UmVhY3Rpb246NDM0MTE3_NOGAS,[0. 0. 0. ... 0. 0. 0.],[0. 0. 0. ... 0. 0. 0.]
UmVhY3Rpb246NDMzNDYx_STAR,[0. 0. 0. ... 0. 0. 0.],[0. 0. 0. ... 0. 0. 0.]
UmVhY3Rpb246NDM1NjI5_COSTAR,[0. 0. 0. ... 0. 0. 0.],[0. 0. 0. ... 0. 0. 0.]
UmVhY3Rpb246MzM5MDIy_STAR,[0. 0. 0. ... 0. 0. 0.],[0. 0. 0. ... 0. 0. 0.]
UmVhY3Rpb246NDM0MTE3_NOSTAR,[0. 0. 0. ... 0. 0. 0.],[0. 0. 0. ... 0. 0. 0.]
UmVhY3Rpb246NDM1NTM3_STAR,[0. 0. 0. ... 0. 0. 0.],[0. 0. 0. ... 0. 0. 0.]
UmVhY3Rpb246MTc0NTE4_H2GAS,[0.03792286 0.14515255 0.3512616  ... 0.         0.         0.        ],[0.02360496 0.05175611 0.0977391  ... 0.         0.         0.        ]
UmVhY3Rpb246ODI3MTY=_COSTAR,[0. 0. 0. ... 0. 0. 0.],[0. 0. 0. ... 0. 0. 0.]
UmVhY3Rpb246NDM1Njk1_COSTAR,[0. 0. 0. ... 0. 0. 0.],[0. 0. 0. ... 0. 0. 0.]
UmVhY3Rpb246NTc=_OSTAR,[0. 0. 0. ... 0. 0. 0.],[0. 0. 0. ... 0. 0. 0.]
UmVhY3Rpb246NDM1NTgx_COGAS,[0. 0. 0. ... 0. 0. 0.],[0. 0. 0. ... 0. 0. 0.]
UmVhY3Rpb246OTg=_COGAS,[0. 0. 0. ... 0. 0. 0.],[0. 0. 0. ... 0. 0. 0.]
UmVhY3Rpb246NDMxNjEx_STAR,[0. 0. 0. ... 0. 0. 0.],[0. 0. 0. ... 0. 0. 0.]
UmVhY3Rpb246MTc0NDgw_STAR,[0. 0. 0. ... 0. 0. 0.],[0. 0. 0. ... 0. 0. 0.]
UmVhY3Rpb246MzM5MjI0_H2OSTAR,[0.00290103 0.01116787 0.02747494 ... 0.         0.         0.        ],[0.00186552 0.00414032 0.00766964 ... 0.         0.         0.        ]
UmVhY3Rpb246NDMzNTg5_STAR,[0. 0. 0. ... 0. 0. 0.],[0. 0. 0. ... 0. 0. 0.]
UmVhY3Rpb246MzM5MjIz_STAR,[0. 0. 0. ... 0. 0. 0.],[0. 0. 0. ... 0. 0. 0.]
UmVhY3Rpb246NDMzNTY1_COGAS,[0. 0. 0. ... 0. 0. 0.],[0. 0. 0. ... 0. 0. 0.]
UmVhY3Rpb246NDMyOTk3_NH3GAS,[0.01727417 0.06683309 0.1663292  ... 0.         0.         0.        ],[0.011424   0.02572566 0.04626007 ... 0.         0.         0.        ]
UmVhY3Rpb246NDM0MDUw_NOGAS,[0. 0. 0. ... 0. 0. 0.],[0. 0. 0. ... 0. 0. 0.]
UmVhY3Rpb246MzM5Mjk1_BULK,[0. 0. 0. ... 0. 0. 0.],[0. 0. 0. ... 0. 0. 0.]
UmVhY3Rpb246MTc0NDk4_STAR,[0. 0. 0. ... 0. 0. 0.],[0. 0. 0. ... 0. 0. 0.]
UmVhY3Rpb246NA==_NOGAS,[0. 0. 0. ... 0. 0. 0.],[0. 0. 0. ... 0. 0. 0.]
UmVhY3Rpb246NDM1NjI5_COGAS,[0. 0. 0. ... 0. 0. 0.],[0. 0. 0. ... 0. 0. 0.]
UmVhY3Rpb246NDM0MDA4_NOGAS,[0. 0. 0. ... 0. 0. 0.],[0. 0. 0. ... 0. 0. 0.]
UmVhY3Rpb246ODI3MjA=_STAR,[0. 0. 0. ... 0. 0. 0.],[0. 0. 0. ... 0. 0. 0.]
UmVhY3Rpb246NDMzNDcw_COGAS,[0. 0. 0. ... 0. 0. 0.],[0. 0. 0. ... 0. 0. 0.]
UmVhY3Rpb246MzM5MjI1_H2OGAS,[0.01476464 0.05685913 0.13982329 ... 0.         0.         0.        ],[0.00949045 0.02107727 0.03897097 ... 0.         0.         0.        ]
UmVhY3Rpb246MzM5NzQz_H2OSTAR,[0.00292111 0.01124631 0.02766457 ... 0.         0.         0.        ],[0.00187794 0.0041705  0.00771198 ... 0.         0.         0.        ]
UmVhY3Rpb246NTY=_OGAS,[0. 0. 0. ... 0. 0. 0.],[0. 0. 0. ... 0. 0. 0.]
UmVhY3Rpb246ODI3MjA=_COGAS,[0. 0. 0. ... 0. 0. 0.],[0. 0. 0. ... 0. 0. 0.]
UmVhY3Rpb246MTc0NTE4_COSTAR,[0. 0. 0. ... 0. 0. 0.],[0. 0. 0. ... 0. 0. 0.]
UmVhY3Rpb246MzM5Njg2_BULK,[0. 0. 0. ... 0. 0. 0.],[0. 0. 0. ... 0. 0. 0.]
UmVhY3Rpb246NDMzNTE1_STAR,[0. 0. 0. ... 0. 0. 0.],[0. 0. 0. ... 0. 0. 0.]
UmVhY3Rpb246NDMzNTQ3_COGAS,[0. 0. 0. ... 0. 0. 0.],[0. 0. 0. ... 0. 0. 0.]
UmVhY3Rpb246NDMzOTc3_STAR,[0. 0. 0. ... 0. 0. 0.],[0. 0. 0. ... 0. 0. 0.]
UmVhY3Rpb246OTE=_COGAS,[0. 0. 0. ... 0. 0. 0.],[0. 0. 0. ... 0. 0. 0.]
UmVhY3Rpb246MzM5MDIx_H2OGAS,[0.01476464 0.05685913 0.13982329 ... 0.         0.         0.        ],[0.00949045 0.02107727 0.03897097 ... 0.         0.         0.        ]
UmVhY3Rpb246MzM5MzYx_H2OGAS,[0.01476464 0.05685913 0.13982329 ... 0.         0.         0.        ],[0.00949045 0.02107727 0.03897097 ... 0.         0.         0.        ]
UmVhY3Rpb246MTc0NDk4_COSTAR,[0. 0. 0. ... 0. 0. 0.],[0. 0. 0. ... 0. 0. 0.]
UmVhY3Rpb246MzM5MDIw_H2OSTAR,[0.00205865 0.00796145 0.01868544 ... 0.         0.         0.        ],[0.0012792  0.00282913 0.00518479 ... 0.         0.         0.        ]
UmVhY3Rpb246NDMzNjQy_STAR,[0. 0. 0. ... 0. 0. 0.],[0. 0. 0. ... 0. 0. 0.]
UmVhY3Rpb246NDMzNTQz_COSTAR,[0. 0. 0. ... 0. 0. 0.],[0. 0. 0. ... 0. 0. 0.]
UmVhY3Rpb246NDMxOTc0_STAR,[0.00421915 0.01695602 0.03827059 ... 0.         0.         0.        ],[0.00270919 0.00674007 0.00867131 ... 0.         0.         0.        ]
UmVhY3Rpb246MzM5Njg4_H2OGAS,[0.01476464 0.05685913 0.13982329 ... 0.         0.         0.        ],[0.00949045 0.02107727 0.03897097 ... 0.         0.         0.        ]
UmVhY3Rpb246NDI4Mjc1_BULK,[0. 0. 0. ... 0. 0. 0.],[0. 0. 0. ... 0. 0. 0.]
UmVhY3Rpb246NDMzNTE5_STAR,[0. 0. 0. ... 0. 0. 0.],[0. 0. 0. ... 0. 0. 0.]
UmVhY3Rpb246NDMxNjA4_COGAS,[0. 0. 0. ... 0. 0. 0.],[0. 0. 0. ... 0. 0. 0.]
UmVhY3Rpb246MzM5NTUx_STAR,[0. 0. 0. ... 0. 0. 0.],[0. 0. 0. ... 0. 0. 0.]
UmVhY3Rpb246MTc0NTE4_COGAS,[0. 0. 0. ... 0. 0. 0.],[0. 0. 0. ... 0. 0. 0.]
UmVhY3Rpb246MTA=_STAR,[0. 0. 0. ... 0. 0. 0.],[0. 0. 0. ... 0. 0. 0.]
UmVhY3Rpb246NDMyOTk3_STAR,[0. 0. 0. ... 0. 0. 0.],[0. 0. 0. ... 0. 0. 0.]
UmVhY3Rpb246NDMzNTYy_COSTAR,[0. 0. 0. ... 0. 0. 0.],[0. 0. 0. ... 0. 0. 0.]
UmVhY3Rpb246NDMzNTM0_COGAS,[0. 0. 0. ... 0. 0. 0.],[0. 0. 0. ... 0. 0. 0.]
UmVhY3Rpb246MTc0NDk4_CHOSTAR,[0.00031029 0.001185   0.00285627 ... 0.         0.         0.        ],[0.00019242 0.00042088 0.00079748 ... 0.         0.         0.        ]
UmVhY3Rpb246NDMzOTg3_STAR,[0. 0. 0. ... 0. 0. 0.],[0. 0. 0. ... 0. 0. 0.]
UmVhY3Rpb246NDMxNjEx_COGAS,[0. 0. 0. ... 0. 0. 0.],[0. 0. 0. ... 0. 0. 0.]
UmVhY3Rpb246NDM0MDc1_STAR,[0. 0. 0. ... 0. 0. 0.],[0. 0. 0. ... 0. 0. 0.]
UmVhY3Rpb246NDMzMDA5_STAR,[0. 0. 0. ... 0. 0. 0.],[0. 0. 0. ... 0. 0. 0.]
UmVhY3Rpb246NzA=_STAR,[0. 0. 0. ... 0. 0. 0.],[0. 0. 0. ... 0. 0. 0.]
UmVhY3Rpb246MzM5NTUz_STAR,[0. 0. 0. ... 0. 0. 0.],[0. 0. 0. ... 0. 0. 0.]
UmVhY3Rpb246NDMzNDk5_STAR,[0. 0. 0. ... 0. 0. 0.],[0. 0. 0. ... 0. 0. 0.]
UmVhY3Rpb246MTc0NDY4_STAR,[0. 0. 0. ... 0. 0. 0.],[0. 0. 0. ... 0. 0. 0.]
UmVhY3Rpb246NDM0MDYx_STAR,[0. 0. 0. ... 0. 0. 0.],[0. 0. 0. ... 0. 0. 0.]
UmVhY3Rpb246NDMzNTMy_COGAS,[0. 0. 0. ... 0. 0. 0.],[0. 0. 0. ... 0. 0. 0.]
UmVhY3Rpb246NDMzMDMz_NH3STAR,[0.00172789 0.00668184 0.01663375 ... 0.         0.         0.        ],[0.00114212 0.0025714  0.00462535 ... 0.         0.         0.        ]
UmVhY3Rpb246MTQ=_STAR,[0. 0. 0. ... 0. 0. 0.],[0. 0. 0. ... 0. 0. 0.]
UmVhY3Rpb246NDMzNTE1_COSTAR,[0. 0. 0. ... 0. 0. 0.],[0. 0. 0. ... 0. 0. 0.]
UmVhY3Rpb246MTc0NDgy_CHOSTAR,[0.00030942 0.0011818  0.00284731 ... 0.         0.         0.        ],[0.00019187 0.00041989 0.00079448 ... 0.         0.         0.        ]
UmVhY3Rpb246NDMxNjE4_STAR,[0. 0. 0. ... 0. 0. 0.],[0. 0. 0. ... 0. 0. 0.]
UmVhY3Rpb246MTU=_NOGAS,[0. 0. 0. ... 0. 0. 0.],[0. 0. 0. ... 0. 0. 0.]
UmVhY3Rpb246NDMzNTE5_COSTAR,[0. 0. 0. ... 0. 0. 0.],[0. 0. 0. ... 0. 0. 0.]
UmVhY3Rpb246NDMzMDM5_STAR,[0. 0. 0. ... 0. 0. 0.],[0. 0. 0. ... 0. 0. 0.]
UmVhY3Rpb246MTc0NDc0_COGAS,[0. 0. 0. ... 0. 0. 0.],[0. 0. 0. ... 0. 0. 0.]
UmVhY3Rpb246NDMxOTc0_CO2GAS,[0. 0. 0. ... 0. 0. 0.],[0. 0. 0. ... 0. 0. 0.]
UmVhY3Rpb246NDMzNTQz_COGAS,[0. 0. 0. ... 0. 0. 0.],[0. 0. 0. ... 0. 0. 0.]
UmVhY3Rpb246NDM0MDI5_NOSTAR,[0. 0. 0. ... 0. 0. 0.],[0. 0. 0. ... 0. 0. 0.]
UmVhY3Rpb246NDMzMDkz_NH3GAS,[0.01727417 0.06683309 0.1663292  ... 0.         0.         0.        ],[0.011424   0.02572566 0.04626007 ... 0.         0.         0.        ]
UmVhY3Rpb246OQ==_STAR,[0. 0. 0. ... 0. 0. 0.],[0. 0. 0. ... 0. 0. 0.]
UmVhY3Rpb246NDMzMDM5_NH3STAR,[0.00215589 0.00833812 0.02076027 ... 0.         0.         0.        ],[0.00142545 0.00319957 0.0058057  ... 0.         0.         0.        ]
UmVhY3Rpb246MzM5MDIw_BULK,[0. 0. 0. ... 0. 0. 0.],[0. 0. 0. ... 0. 0. 0.]
UmVhY3Rpb246NQ==_NOSTAR,[0. 0. 0. ... 0. 0. 0.],[0. 0. 0. ... 0. 0. 0.]
UmVhY3Rpb246MTc0NDY2_H2GAS,[0.03792286 0.14515255 0.3512616  ... 0.         0.         0.        ],[0.02360496 0.05175611 0.0977391  ... 0.         0.         0.        ]
UmVhY3Rpb246MTAw_STAR,[0. 0. 0. ... 0. 0. 0.],[0. 0. 0. ... 0. 0. 0.]
UmVhY3Rpb246Njg=_OSTAR,[0. 0. 0. ... 0. 0. 0.],[0. 0. 0. ... 0. 0. 0.]
UmVhY3Rpb246Mg==_STAR,[0. 0. 0. ... 0. 0. 0.],[0. 0. 0. ... 0. 0. 0.]
UmVhY3Rpb246NDMzNjE3_COGAS,[0. 0. 0. ... 0. 0. 0.],[0. 0. 0. ... 0. 0. 0.]
UmVhY3Rpb246MzM5NzQy_H2OSTAR,[0.00291239 0.01121251 0.02757976 ... 0.         0.         0.        ],[0.00187237 0.00415853 0.00768749 ... 0.         0.         0.        ]
UmVhY3Rpb246NDMzNTQ3_COSTAR,[0. 0. 0. ... 0. 0. 0.],[0. 0. 0. ... 0. 0. 0.]
UmVhY3Rpb246MzM5NjY4_H2OGAS,[0.01476464 0.05685913 0.13982329 ... 0.         0.         0.        ],[0.00949045 0.02107727 0.03897097 ... 0.         0.         0.        ]
UmVhY3Rpb246NDM1NjM1_COSTAR,[0. 0. 0. ... 0. 0. 0.],[0. 0. 0. ... 0. 0. 0.]
UmVhY3Rpb246NDMyOTkx_NH3GAS,[0.01727417 0.06683309 0.1663292  ... 0.         0.         0.        ],[0.011424   0.02572566 0.04626007 ... 0.         0.         0.        ]
UmVhY3Rpb246MQ==_NOGAS,[0. 0. 0. ... 0. 0. 0.],[0. 0. 0. ... 0. 0. 0.]
UmVhY3Rpb246NDMzNTY1_COSTAR,[0. 0. 0. ... 0. 0. 0.],[0. 0. 0. ... 0. 0. 0.]
UmVhY3Rpb246NDMzNTYy_STAR,[0. 0. 0. ... 0. 0. 0.],[0. 0. 0. ... 0. 0. 0.]
UmVhY3Rpb246NDMzNjQw_COGAS,[0. 0. 0. ... 0. 0. 0.],[0. 0. 0. ... 0. 0. 0.]
UmVhY3Rpb246NDMzMDAz_NH3GAS,[0.01727417 0.06683309 0.1663292  ... 0.         0.         0.        ],[0.011424   0.02572566 0.04626007 ... 0.         0.         0.        ]
UmVhY3Rpb246NDI4Mjc1_H2OGAS,[0.01476464 0.05685913 0.13982329 ... 0.         0.         0.        ],[0.00949045 0.02107727 0.03897097 ... 0.         0.         0.        ]
UmVhY3Rpb246MzM5NTg1_BULK,[0. 0. 0. ... 0. 0. 0.],[0. 0. 0. ... 0. 0. 0.]
UmVhY3Rpb246NQ==_STAR,[0. 0. 0. ... 0. 0. 0.],[0. 0. 0. ... 0. 0. 0.]
UmVhY3Rpb246NTc=_OGAS,[0. 0. 0. ... 0. 0. 0.],[0. 0. 0. ... 0. 0. 0.]
UmVhY3Rpb246Njk=_STAR,[0. 0. 0. ... 0. 0. 0.],[0. 0. 0. ... 0. 0. 0.]
UmVhY3Rpb246NDMxNjA4_STAR,[0. 0. 0. ... 0. 0. 0.],[0. 0. 0. ... 0. 0. 0.]
UmVhY3Rpb246MTc0NDk2_COGAS,[0. 0. 0. ... 0. 0. 0.],[0. 0. 0. ... 0. 0. 0.]
UmVhY3Rpb246NDMzMDQ1_STAR,[0. 0. 0. ... 0. 0. 0.],[0. 0. 0. ... 0. 0. 0.]
UmVhY3Rpb246MzM5MDIx_H2OSTAR,[0.0028904  0.01112743 0.02736926 ... 0.         0.         0.        ],[0.00185865 0.00412678 0.00763522 ... 0.         0.         0.        ]
UmVhY3Rpb246NDM0MDYx_NOGAS,[0. 0. 0. ... 0. 0. 0.],[0. 0. 0. ... 0. 0. 0.]
UmVhY3Rpb246MzM5NTg0_BULK,[0. 0. 0. ... 0. 0. 0.],[0. 0. 0. ... 0. 0. 0.]
UmVhY3Rpb246MzM5MTYx_H2OSTAR,[0.00206275 0.00792453 0.01881036 ... 0.         0.         0.        ],[0.0012806  0.00280177 0.00529147 ... 0.         0.         0.        ]
UmVhY3Rpb246MzM5NzQz_H2OGAS,[0.01476464 0.05685913 0.13982329 ... 0.         0.         0.        ],[0.00949045 0.02107727 0.03897097 ... 0.         0.         0.        ]
UmVhY3Rpb246MTc0NDk2_COSTAR,[0. 0. 0. ... 0. 0. 0.],[0. 0. 0. ... 0. 0. 0.]
UmVhY3Rpb246NDM0MDk2_STAR,[0. 0. 0. ... 0. 0. 0.],[0. 0. 0. ... 0. 0. 0.]
UmVhY3Rpb246MzM5NzQz_STAR,[0. 0. 0. ... 0. 0. 0.],[0. 0. 0. ... 0. 0. 0.]
UmVhY3Rpb246MTc0NDcw_STAR,[0. 0. 0. ... 0. 0. 0.],[0. 0. 0. ... 0. 0. 0.]
UmVhY3Rpb246NDMzNDcw_COSTAR,[0. 0. 0. ... 0. 0. 0.],[0. 0. 0. ... 0. 0. 0.]
UmVhY3Rpb246NDM0MTA3_STAR,[0. 0. 0. ... 0. 0. 0.],[0. 0. 0. ... 0. 0. 0.]
UmVhY3Rpb246NDM0MTEz_NOGAS,[0. 0. 0. ... 0. 0. 0.],[0. 0. 0. ... 0. 0. 0.]
UmVhY3Rpb246NDMyOTY3_NH3GAS,[0.01727417 0.06683309 0.1663292  ... 0.         0.         0.        ],[0.011424   0.02572566 0.04626007 ... 0.         0.         0.        ]
UmVhY3Rpb246ODI3MTc=_STAR,[0. 0. 0. ... 0. 0. 0.],[0. 0. 0. ... 0. 0. 0.]
UmVhY3Rpb246NDMyOTc5_STAR,[0. 0. 0. ... 0. 0. 0.],[0. 0. 0. ... 0. 0. 0.]
UmVhY3Rpb246NDMzNTMy_STAR,[0. 0. 0. ... 0. 0. 0.],[0. 0. 0. ... 0. 0. 0.]
UmVhY3Rpb246MTc0NDc0_H2GAS,[0.03792286 0.14515255 0.3512616  ... 0.         0.         0.        ],[0.02360496 0.05175611 0.0977391  ... 0.         0.         0.        ]
UmVhY3Rpb246Njg=_OGAS,[0. 0. 0. ... 0. 0. 0.],[0. 0. 0. ... 0. 0. 0.]
UmVhY3Rpb246MTc0NTA2_H2GAS,[0.03792286 0.14515255 0.3512616  ... 0.         0.         0.        ],[0.02360496 0.05175611 0.0977391  ... 0.         0.         0.        ]
UmVhY3Rpb246MzM5Njg2_STAR,[0. 0. 0. ... 0. 0. 0.],[0. 0. 0. ... 0. 0. 0.]
UmVhY3Rpb246Njk=_OGAS,[0. 0. 0. ... 0. 0. 0.],[0. 0. 0. ... 0. 0. 0.]
UmVhY3Rpb246NDMzOTkx_NOSTAR,[0. 0. 0. ... 0. 0. 0.],[0. 0. 0. ... 0. 0. 0.]
UmVhY3Rpb246NDEwOA==_COSTAR,[0. 0. 0. ... 0. 0. 0.],[0. 0. 0. ... 0. 0. 0.]
UmVhY3Rpb246MTc0NDgy_H2GAS,[0.03792286 0.14515255 0.3512616  ... 0.         0.         0.        ],[0.02360496 0.05175611 0.0977391  ... 0.         0.         0.        ]
UmVhY3Rpb246NDMzNjg4_COGAS,[0. 0. 0. ... 0. 0. 0.],[0. 0. 0. ... 0. 0. 0.]
UmVhY3Rpb246MzM5MDIy_H2OSTAR,[0.00188231 0.00725438 0.01697554 ... 0.         0.         0.        ],[0.00115998 0.00256159 0.00469227 ... 0.         0.         0.        ]
UmVhY3Rpb246NDM1NjEx_COGAS,[0. 0. 0. ... 0. 0. 0.],[0. 0. 0. ... 0. 0. 0.]
UmVhY3Rpb246NDMzNTE1_COGAS,[0. 0. 0. ... 0. 0. 0.],[0. 0. 0. ... 0. 0. 0.]
UmVhY3Rpb246NDMzMDYz_STAR,[0. 0. 0. ... 0. 0. 0.],[0. 0. 0. ... 0. 0. 0.]
UmVhY3Rpb246Nw==_NOSTAR,[0. 0. 0. ... 0. 0. 0.],[0. 0. 0. ... 0. 0. 0.]
UmVhY3Rpb246NDMyOTcz_NH3GAS,[0.01727417 0.06683309 0.1663292  ... 0.         0.         0.        ],[0.011424   0.02572566 0.04626007 ... 0.         0.         0.        ]
UmVhY3Rpb246NDMzNjQw_COSTAR,[0. 0. 0. ... 0. 0. 0.],[0. 0. 0. ... 0. 0. 0.]
UmVhY3Rpb246MTM=_STAR,[0. 0. 0. ... 0. 0. 0.],[0. 0. 0. ... 0. 0. 0.]
UmVhY3Rpb246NDMzNTA3_COGAS,[0. 0. 0. ... 0. 0. 0.],[0. 0. 0. ... 0. 0. 0.]
UmVhY3Rpb246NDMzNTgw_STAR,[0. 0. 0. ... 0. 0. 0.],[0. 0. 0. ... 0. 0. 0.]
UmVhY3Rpb246NDMzMDk5_STAR,[0. 0. 0. ... 0. 0. 0.],[0. 0. 0. ... 0. 0. 0.]
UmVhY3Rpb246NDMyOTY3_STAR,[0. 0. 0. ... 0. 0. 0.],[0. 0. 0. ... 0. 0. 0.]
UmVhY3Rpb246NDMzNTg5_COSTAR,[0. 0. 0. ... 0. 0. 0.],[0. 0. 0. ... 0. 0. 0.]
UmVhY3Rpb246NDM0MTEz_NOSTAR,[0. 0. 0. ... 0. 0. 0.],[0. 0. 0. ... 0. 0. 0.]
UmVhY3Rpb246NDMzMDc1_STAR,[0. 0. 0. ... 0. 0. 0.],[0. 0. 0. ... 0. 0. 0.]
UmVhY3Rpb246NDMzMDA5_NH3GAS,[0.01727417 0.06683309 0.1663292  ... 0.         0.         0.        ],[0.011424   0.02572566 0.04626007 ... 0.         0.         0.        ]
UmVhY3Rpb246NDMzNjcx_COSTAR,[0. 0. 0. ... 0. 0. 0.],[0. 0. 0. ... 0. 0. 0.]
UmVhY3Rpb246Njc=_OSTAR,[0. 0. 0. ... 0. 0. 0.],[0. 0. 0. ... 0. 0. 0.]
UmVhY3Rpb246MzM5NjY3_H2OGAS,[0.01476464 0.05685913 0.13982329 ... 0.         0.         0.        ],[0.00949045 0.02107727 0.03897097 ... 0.         0.         0.        ]
UmVhY3Rpb246NDMzNDYx_COGAS,[0. 0. 0. ... 0. 0. 0.],[0. 0. 0. ... 0. 0. 0.]
UmVhY3Rpb246MTg=_NOSTAR,[0. 0. 0. ... 0. 0. 0.],[0. 0. 0. ... 0. 0. 0.]
UmVhY3Rpb246NDMyOTcz_STAR,[0. 0. 0. ... 0. 0. 0.],[0. 0. 0. ... 0. 0. 0.]
UmVhY3Rpb246MzM5MjI0_H2OGAS,[0.01476464 0.05685913 0.13982329 ... 0.         0.         0.        ],[0.00949045 0.02107727 0.03897097 ... 0.         0.         0.        ]
UmVhY3Rpb246MTg=_NOGAS,[0. 0. 0. ... 0. 0. 0.],[0. 0. 0. ... 0. 0. 0.]
UmVhY3Rpb246MzM5NTUy_STAR,[0. 0. 0. ... 0. 0. 0.],[0. 0. 0. ... 0. 0. 0.]
UmVhY3Rpb246NDM1NTg1_COSTAR,[0. 0. 0. ... 0. 0. 0.],[0. 0. 0. ... 0. 0. 0.]
UmVhY3Rpb246NDMxNjE4_NOSTAR,[0. 0. 0. ... 0. 0. 0.],[0. 0. 0. ... 0. 0. 0.]
UmVhY3Rpb246NDMzNTg2_COGAS,[0. 0. 0. ... 0. 0. 0.],[0. 0. 0. ... 0. 0. 0.]
UmVhY3Rpb246MzM5MDIx_STAR,[0. 0. 0. ... 0. 0. 0.],[0. 0. 0. ... 0. 0. 0.]
UmVhY3Rpb246NDM1NTE3_COGAS,[0. 0. 0. ... 0. 0. 0.],[0. 0. 0. ... 0. 0. 0.]
UmVhY3Rpb246NDM0MDMz_NOGAS,[0. 0. 0. ... 0. 0. 0.],[0. 0. 0. ... 0. 0. 0.]
UmVhY3Rpb246MzM5MDIw_H2OGAS,[0.01476464 0.05685913 0.13982329 ... 0.         0.         0.        ],[0.00949045 0.02107727 0.03897097 ... 0.         0.         0.        ]
UmVhY3Rpb246NDI4Mjc1_STAR,[0. 0. 0. ... 0. 0. 0.],[0. 0. 0. ... 0. 0. 0.]
UmVhY3Rpb246MTc0NDgy_COGAS,[0. 0. 0. ... 0. 0. 0.],[0. 0. 0. ... 0. 0. 0.]
UmVhY3Rpb246NDMzNDg4_STAR,[0. 0. 0. ... 0. 0. 0.],[0. 0. 0. ... 0. 0. 0.]
UmVhY3Rpb246NDMzMDE1_NH3STAR,[0.0021569  0.00834111 0.02077123 ... 0.         0.         0.        ],[0.00142635 0.00320124 0.00581065 ... 0.         0.         0.        ]
UmVhY3Rpb246MzM5MzYy_H2OSTAR,[0.00188699 0.00725182 0.01704756 ... 0.         0.         0.        ],[0.00116509 0.00254705 0.00479905 ... 0.         0.         0.        ]
UmVhY3Rpb246MzM5NjY3_BULK,[0. 0. 0. ... 0. 0. 0.],[0. 0. 0. ... 0. 0. 0.]
UmVhY3Rpb246Njc=_STAR,[0. 0. 0. ... 0. 0. 0.],[0. 0. 0. ... 0. 0. 0.]
UmVhY3Rpb246MzM5MzYy_H2OGAS,[0.01476464 0.05685913 0.13982329 ... 0.         0.         0.        ],[0.00949045 0.02107727 0.03897097 ... 0.         0.         0.        ]
UmVhY3Rpb246NjM=_STAR,[0. 0. 0. ... 0. 0. 0.],[0. 0. 0. ... 0. 0. 0.]
UmVhY3Rpb246NDM1NzUy_COSTAR,[0. 0. 0. ... 0. 0. 0.],[0. 0. 0. ... 0. 0. 0.]
UmVhY3Rpb246Mw==_NOGAS,[0. 0. 0. ... 0. 0. 0.],[0. 0. 0. ... 0. 0. 0.]
UmVhY3Rpb246MTAy_COSTAR,[0. 0. 0. ... 0. 0. 0.],[0. 0. 0. ... 0. 0. 0.]
UmVhY3Rpb246NDMzNjE3_STAR,[0. 0. 0. ... 0. 0. 0.],[0. 0. 0. ... 0. 0. 0.]
UmVhY3Rpb246OTk=_COSTAR,[0. 0. 0. ... 0. 0. 0.],[0. 0. 0. ... 0. 0. 0.]
UmVhY3Rpb246NDMyOTYx_NH3STAR,[0.00216647 0.00837791 0.0208694  ... 0.         0.         0.        ],[0.00143257 0.00321635 0.00583287 ... 0.         0.         0.        ]
UmVhY3Rpb246NDMzNjA1_COGAS,[0. 0. 0. ... 0. 0. 0.],[0. 0. 0. ... 0. 0. 0.]
UmVhY3Rpb246NTY=_OSTAR,[0. 0. 0. ... 0. 0. 0.],[0. 0. 0. ... 0. 0. 0.]
UmVhY3Rpb246NDMzNDc5_COGAS,[0. 0. 0. ... 0. 0. 0.],[0. 0. 0. ... 0. 0. 0.]
UmVhY3Rpb246MTY=_STAR,[0. 0. 0. ... 0. 0. 0.],[0. 0. 0. ... 0. 0. 0.]
UmVhY3Rpb246MzM5NzQy_BULK,[0. 0. 0. ... 0. 0. 0.],[0. 0. 0. ... 0. 0. 0.]
UmVhY3Rpb246NDMzNjMx_COSTAR,[0. 0. 0. ... 0. 0. 0.],[0. 0. 0. ... 0. 0. 0.]
UmVhY3Rpb246OTU=_COSTAR,[0. 0. 0. ... 0. 0. 0.],[0. 0. 0. ... 0. 0. 0.]
UmVhY3Rpb246MzM5MDg4_H2OSTAR,[0.00291776 0.01123323 0.02763152 ... 0.         0.         0.        ],[0.00187583 0.00416544 0.00770433 ... 0.         0.         0.        ]
UmVhY3Rpb246MTc0NTE2_COGAS,[0. 0. 0. ... 0. 0. 0.],[0. 0. 0. ... 0. 0. 0.]
UmVhY3Rpb246MzM5Mjk0_BULK,[0. 0. 0. ... 0. 0. 0.],[0. 0. 0. ... 0. 0. 0.]
UmVhY3Rpb246MTc0NDk2_STAR,[0. 0. 0. ... 0. 0. 0.],[0. 0. 0. ... 0. 0. 0.]
UmVhY3Rpb246NDM1NzAx_COGAS,[0. 0. 0. ... 0. 0. 0.],[0. 0. 0. ... 0. 0. 0.]
UmVhY3Rpb246NDM1NTgx_STAR,[0. 0. 0. ... 0. 0. 0.],[0. 0. 0. ... 0. 0. 0.]
UmVhY3Rpb246NDM1NTU5_COSTAR,[0. 0. 0. ... 0. 0. 0.],[0. 0. 0. ... 0. 0. 0.]
UmVhY3Rpb246MzM5Njg1_BULK,[0. 0. 0. ... 0. 0. 0.],[0. 0. 0. ... 0. 0. 0.]
UmVhY3Rpb246NjQ=_STAR,[0. 0. 0. ... 0. 0. 0.],[0. 0. 0. ... 0. 0. 0.]
UmVhY3Rpb246MTc0NTE2_STAR,[0. 0. 0. ... 0. 0. 0.],[0. 0. 0. ... 0. 0. 0.]
UmVhY3Rpb246MzM5Mzg5_STAR,[0. 0. 0. ... 0. 0. 0.],[0. 0. 0. ... 0. 0. 0.]
UmVhY3Rpb246NDM1Njk3_COSTAR,[0. 0. 0. ... 0. 0. 0.],[0. 0. 0. ... 0. 0. 0.]
UmVhY3Rpb246NDM1NzUy_COGAS,[0. 0. 0. ... 0. 0. 0.],[0. 0. 0. ... 0. 0. 0.]
UmVhY3Rpb246MzM5MDU2_H2OGAS,[0.01476464 0.05685913 0.13982329 ... 0.         0.         0.        ],[0.00949045 0.02107727 0.03897097 ... 0.         0.         0.        ]
UmVhY3Rpb246NDMzNjg4_STAR,[0. 0. 0. ... 0. 0. 0.],[0. 0. 0. ... 0. 0. 0.]
UmVhY3Rpb246NDMzNjM0_COGAS,[0. 0. 0. ... 0. 0. 0.],[0. 0. 0. ... 0. 0. 0.]
UmVhY3Rpb246MzM5MjI1_STAR,[0. 0. 0. ... 0. 0. 0.],[0. 0. 0. ... 0. 0. 0.]
UmVhY3Rpb246NDM1ODA0_COGAS,[0. 0. 0. ... 0. 0. 0.],[0. 0. 0. ... 0. 0. 0.]
UmVhY3Rpb246NDMzNDk5_COSTAR,[0. 0. 0. ... 0. 0. 0.],[0. 0. 0. ... 0. 0. 0.]
UmVhY3Rpb246NDMzMDk5_NH3GAS,[0.01727417 0.06683309 0.1663292  ... 0.         0.         0.        ],[0.011424   0.02572566 0.04626007 ... 0.         0.         0.        ]
UmVhY3Rpb246NDMzMDkz_NH3STAR,[0.00171824 0.00664311 0.01654622 ... 0.         0.         0.        ],[0.00113586 0.00255182 0.0046184  ... 0.         0.         0.        ]
UmVhY3Rpb246NDMzNTgw_COSTAR,[0. 0. 0. ... 0. 0. 0.],[0. 0. 0. ... 0. 0. 0.]
UmVhY3Rpb246NDMxNjE5_STAR,[0. 0. 0. ... 0. 0. 0.],[0. 0. 0. ... 0. 0. 0.]
UmVhY3Rpb246MTE=_STAR,[0. 0. 0. ... 0. 0. 0.],[0. 0. 0. ... 0. 0. 0.]
UmVhY3Rpb246NDMzNTY1_STAR,[0. 0. 0. ... 0. 0. 0.],[0. 0. 0. ... 0. 0. 0.]
UmVhY3Rpb246NDM0MDQw_STAR,[0. 0. 0. ... 0. 0. 0.],[0. 0. 0. ... 0. 0. 0.]
UmVhY3Rpb246NDM1NjI5_STAR,[0. 0. 0. ... 0. 0. 0.],[0. 0. 0. ... 0. 0. 0.]
UmVhY3Rpb246ODI3MjY=_COGAS,[0. 0. 0. ... 0. 0. 0.],[0. 0. 0. ... 0. 0. 0.]
UmVhY3Rpb246NDM1ODA0_COSTAR,[0. 0. 0. ... 0. 0. 0.],[0. 0. 0. ... 0. 0. 0.]
UmVhY3Rpb246NDM1NTQ3_COGAS,[0. 0. 0. ... 0. 0. 0.],[0. 0. 0. ... 0. 0. 0.]
UmVhY3Rpb246NDM0MDEy_STAR,[0. 0. 0. ... 0. 0. 0.],[0. 0. 0. ... 0. 0. 0.]
UmVhY3Rpb246MTE=_NOSTAR,[0. 0. 0. ... 0. 0. 0.],[0. 0. 0. ... 0. 0. 0.]
UmVhY3Rpb246OTE=_STAR,[0. 0. 0. ... 0. 0. 0.],[0. 0. 0. ... 0. 0. 0.]
UmVhY3Rpb246NDMxNjA5_COSTAR,[0. 0. 0. ... 0. 0. 0.],[0. 0. 0. ... 0. 0. 0.]
UmVhY3Rpb246NDMzMDY5_NH3STAR,[0.00173401 0.0067041  0.01670226 ... 0.         0.         0.        ],[0.00114662 0.00257635 0.00466172 ... 0.         0.         0.        ]
UmVhY3Rpb246MzM5NTUy_H2OGAS,[0.01476464 0.05685913 0.13982329 ... 0.         0.         0.        ],[0.00949045 0.02107727 0.03897097 ... 0.         0.         0.        ]
UmVhY3Rpb246MzM5NTUz_H2OSTAR,[0.00188585 0.00722552 0.01707639 ... 0.         0.         0.        ],[0.00114912 0.00257794 0.00451128 ... 0.         0.         0.        ]
UmVhY3Rpb246MzM5NzQx_H2OSTAR,[0.00206113 0.00795899 0.0187229  ... 0.         0.         0.        ],[0.00128354 0.0028159  0.00527842 ... 0.         0.         0.        ]
UmVhY3Rpb246MTc0NDcw_COGAS,[0. 0. 0. ... 0. 0. 0.],[0. 0. 0. ... 0. 0. 0.]
UmVhY3Rpb246OQ==_NOGAS,[0. 0. 0. ... 0. 0. 0.],[0. 0. 0. ... 0. 0. 0.]
UmVhY3Rpb246MzM5MDU2_BULK,[0. 0. 0. ... 0. 0. 0.],[0. 0. 0. ... 0. 0. 0.]
UmVhY3Rpb246MTU=_NOSTAR,[0. 0. 0. ... 0. 0. 0.],[0. 0. 0. ... 0. 0. 0.]
UmVhY3Rpb246NDMxNjEw_STAR,[0. 0. 0. ... 0. 0. 0.],[0. 0. 0. ... 0. 0. 0.]
UmVhY3Rpb246MTA0_COSTAR,[0. 0. 0. ... 0. 0. 0.],[0. 0. 0. ... 0. 0. 0.]
UmVhY3Rpb246Mw==_STAR,[0. 0. 0. ... 0. 0. 0.],[0. 0. 0. ... 0. 0. 0.]
UmVhY3Rpb246MQ==_NOSTAR,[0. 0. 0. ... 0. 0. 0.],[0. 0. 0. ... 0. 0. 0.]
UmVhY3Rpb246MTg=_STAR,[0. 0. 0. ... 0. 0. 0.],[0. 0. 0. ... 0. 0. 0.]
UmVhY3Rpb246MzM5Njg4_H2OSTAR,[0.00188495 0.00725367 0.01701141 ... 0.         0.         0.        ],[0.00116471 0.00254831 0.00479056 ... 0.         0.         0.        ]
UmVhY3Rpb246NDM1NzI4_COSTAR,[0. 0. 0. ... 0. 0. 0.],[0. 0. 0. ... 0. 0. 0.]
UmVhY3Rpb246NDMzNTMy_COSTAR,[0. 0. 0. ... 0. 0. 0.],[0. 0. 0. ... 0. 0. 0.]
UmVhY3Rpb246MzM5MzYx_STAR,[0. 0. 0. ... 0. 0. 0.],[0. 0. 0. ... 0. 0. 0.]
UmVhY3Rpb246NjI=_OSTAR,[0. 0. 0. ... 0. 0. 0.],[0. 0. 0. ... 0. 0. 0.]
UmVhY3Rpb246MzM5MTYy_BULK,[0. 0. 0. ... 0. 0. 0.],[0. 0. 0. ... 0. 0. 0.]
UmVhY3Rpb246NDM0MDEy_NOGAS,[0. 0. 0. ... 0. 0. 0.],[0. 0. 0. ... 0. 0. 0.]
UmVhY3Rpb246NDM1NTU5_STAR,[0. 0. 0. ... 0. 0. 0.],[0. 0. 0. ... 0. 0. 0.]
UmVhY3Rpb246OTU=_STAR,[0. 0. 0. ... 0. 0. 0.],[0. 0. 0. ... 0. 0. 0.]
UmVhY3Rpb246NDM1NTQ3_STAR,[0. 0. 0. ... 0. 0. 0.],[0. 0. 0. ... 0. 0. 0.]
UmVhY3Rpb246ODI3MTY=_STAR,[0. 0. 0. ... 0. 0. 0.],[0. 0. 0. ... 0. 0. 0.]
UmVhY3Rpb246NDM1NTU5_COGAS,[0. 0. 0. ... 0. 0. 0.],[0. 0. 0. ... 0. 0. 0.]
UmVhY3Rpb246NDMzOTk4_NOGAS,[0. 0. 0. ... 0. 0. 0.],[0. 0. 0. ... 0. 0. 0.]
UmVhY3Rpb246NDMyOTc5_NH3STAR,[0.00213883 0.00826958 0.02059276 ... 0.         0.         0.        ],[0.00141434 0.00317709 0.00575174 ... 0.         0.         0.        ]
UmVhY3Rpb246OA==_NOSTAR,[0. 0. 0. ... 0. 0. 0.],[0. 0. 0. ... 0. 0. 0.]
UmVhY3Rpb246NDMzNjMx_COGAS,[0. 0. 0. ... 0. 0. 0.],[0. 0. 0. ... 0. 0. 0.]
UmVhY3Rpb246MTc0NDY0_COGAS,[0. 0. 0. ... 0. 0. 0.],[0. 0. 0. ... 0. 0. 0.]
UmVhY3Rpb246OTc=_COGAS,[0. 0. 0. ... 0. 0. 0.],[0. 0. 0. ... 0. 0. 0.]
UmVhY3Rpb246NDMzNjM0_STAR,[0. 0. 0. ... 0. 0. 0.],[0. 0. 0. ... 0. 0. 0.]
UmVhY3Rpb246MTc0NTA2_STAR,[0. 0. 0. ... 0. 0. 0.],[0. 0. 0. ... 0. 0. 0.]
UmVhY3Rpb246MzM5Mzg5_BULK,[0. 0. 0. ... 0. 0. 0.],[0. 0. 0. ... 0. 0. 0.]
UmVhY3Rpb246MTc0NDcw_CHOSTAR,[0.00031083 0.00118712 0.00286153 ... 0.         0.         0.        ],[0.00019276 0.00042158 0.00079907 ... 0.         0.         0.        ]
UmVhY3Rpb246MzM5NzQx_BULK,[0. 0. 0. ... 0. 0. 0.],[0. 0. 0. ... 0. 0. 0.]
UmVhY3Rpb246MzM5NTUy_H2OSTAR,[0.00205628 0.00795375 0.01866076 ... 0.         0.         0.        ],[0.00127893 0.00282245 0.00520415 ... 0.         0.         0.        ]
UmVhY3Rpb246NDMzMDE1_NH3GAS,[0.01727417 0.06683309 0.1663292  ... 0.         0.         0.        ],[0.011424   0.02572566 0.04626007 ... 0.         0.         0.        ]
UmVhY3Rpb246ODI3MjA=_COSTAR,[0. 0. 0. ... 0. 0. 0.],[0. 0. 0. ... 0. 0. 0.]
UmVhY3Rpb246MTA3_COGAS,[0. 0. 0. ... 0. 0. 0.],[0. 0. 0. ... 0. 0. 0.]
UmVhY3Rpb246NDMzNDc5_STAR,[0. 0. 0. ... 0. 0. 0.],[0. 0. 0. ... 0. 0. 0.]
UmVhY3Rpb246NjU=_OGAS,[0. 0. 0. ... 0. 0. 0.],[0. 0. 0. ... 0. 0. 0.]
UmVhY3Rpb246NDMzMDQ1_NH3STAR,[0.00172898 0.00668291 0.01665849 ... 0.         0.         0.        ],[0.00114288 0.00256417 0.00465885 ... 0.         0.         0.        ]
UmVhY3Rpb246NDMxNjE5_NH3STAR,[0.00220279 0.00850324 0.01990614 ... 0.         0.         0.        ],[0.0013472  0.00307572 0.00512324 ... 0.         0.         0.        ]
UmVhY3Rpb246NzI=_OGAS,[0. 0. 0. ... 0. 0. 0.],[0. 0. 0. ... 0. 0. 0.]
UmVhY3Rpb246NDMyOTk3_NH3STAR,[0.00172546 0.00667179 0.0166152  ... 0.         0.         0.        ],[0.00114065 0.00256224 0.00463908 ... 0.         0.         0.        ]
UmVhY3Rpb246NDMzOTkx_STAR,[0. 0. 0. ... 0. 0. 0.],[0. 0. 0. ... 0. 0. 0.]
UmVhY3Rpb246NDM1Njk1_STAR,[0. 0. 0. ... 0. 0. 0.],[0. 0. 0. ... 0. 0. 0.]
UmVhY3Rpb246NDMzMDA5_NH3STAR,[0.00171964 0.00665047 0.01655396 ... 0.         0.         0.        ],[0.00113685 0.00256047 0.00460115 ... 0.         0.         0.        ]
UmVhY3Rpb246NDM1NTQ5_COGAS,[0. 0. 0. ... 0. 0. 0.],[0. 0. 0. ... 0. 0. 0.]
UmVhY3Rpb246NDM1Njc1_COSTAR,"[ 0.          0.          0.         ...  0.08977314 -0.0797476
  0.07106903]","[ 0.          0.          0.         ...  0.00211491 -0.0012698
  0.00076256]"
UmVhY3Rpb246NDMxOTc0_CO2STAR,[0.00384062 0.01547865 0.03480187 ... 0.         0.         0.        ],[0.00249446 0.00616835 0.00812188 ... 0.         0.         0.        ]
UmVhY3Rpb246MTA3_COSTAR,[0. 0. 0. ... 0. 0. 0.],[0. 0. 0. ... 0. 0. 0.]
UmVhY3Rpb246NDM1NjEx_STAR,[0. 0. 0. ... 0. 0. 0.],[0. 0. 0. ... 0. 0. 0.]
UmVhY3Rpb246NDMzOTg3_NOSTAR,[0. 0. 0. ... 0. 0. 0.],[0. 0. 0. ... 0. 0. 0.]
UmVhY3Rpb246NDMzNTA3_COSTAR,[0. 0. 0. ... 0. 0. 0.],[0. 0. 0. ... 0. 0. 0.]
UmVhY3Rpb246NDMzNTc5_COSTAR,[0. 0. 0. ... 0. 0. 0.],[0. 0. 0. ... 0. 0. 0.]
UmVhY3Rpb246NDMyOTg1_NH3STAR,[0.00171667 0.00663965 0.01652334 ... 0.         0.         0.        ],[0.00113496 0.0025564  0.00459271 ... 0.         0.         0.        ]
UmVhY3Rpb246MzM5MzYx_BULK,[0. 0. 0. ... 0. 0. 0.],[0. 0. 0. ... 0. 0. 0.]
UmVhY3Rpb246NDM1NTgx_COSTAR,[0. 0. 0. ... 0. 0. 0.],[0. 0. 0. ... 0. 0. 0.]
UmVhY3Rpb246NDMzNjM0_COSTAR,[0. 0. 0. ... 0. 0. 0.],[0. 0. 0. ... 0. 0. 0.]
UmVhY3Rpb246MTA=_NOGAS,[0. 0. 0. ... 0. 0. 0.],[0. 0. 0. ... 0. 0. 0.]
UmVhY3Rpb246MTA3_STAR,[0. 0. 0. ... 0. 0. 0.],[0. 0. 0. ... 0. 0. 0.]
UmVhY3Rpb246NDM1NTM3_COGAS,[0. 0. 0. ... 0. 0. 0.],[0. 0. 0. ... 0. 0. 0.]
UmVhY3Rpb246MTI=_NOSTAR,[0. 0. 0. ... 0. 0. 0.],[0. 0. 0. ... 0. 0. 0.]
UmVhY3Rpb246ODI3MjY=_STAR,[0. 0. 0. ... 0. 0. 0.],[0. 0. 0. ... 0. 0. 0.]
UmVhY3Rpb246MTM=_NOGAS,[0. 0. 0. ... 0. 0. 0.],[0. 0. 0. ... 0. 0. 0.]
UmVhY3Rpb246NDMzNTYx_COGAS,[0. 0. 0. ... 0. 0. 0.],[0. 0. 0. ... 0. 0. 0.]
UmVhY3Rpb246NDMzNTg0_COGAS,[0. 0. 0. ... 0. 0. 0.],[0. 0. 0. ... 0. 0. 0.]
UmVhY3Rpb246MzM5Njg4_BULK,[0. 0. 0. ... 0. 0. 0.],[0. 0. 0. ... 0. 0. 0.]
UmVhY3Rpb246NDMzNjE5_COSTAR,[0. 0. 0. ... 0. 0. 0.],[0. 0. 0. ... 0. 0. 0.]
UmVhY3Rpb246NDM1NzI4_STAR,[0. 0. 0. ... 0. 0. 0.],[0. 0. 0. ... 0. 0. 0.]
UmVhY3Rpb246NDMzMDkz_STAR,[0. 0. 0. ... 0. 0. 0.],[0. 0. 0. ... 0. 0. 0.]
UmVhY3Rpb246NTU=_STAR,[0. 0. 0. ... 0. 0. 0.],[0. 0. 0. ... 0. 0. 0.]
UmVhY3Rpb246NjE=_STAR,[0. 0. 0. ... 0. 0. 0.],[0. 0. 0. ... 0. 0. 0.]
UmVhY3Rpb246NDMzNTQ3_STAR,[0. 0. 0. ... 0. 0. 0.],[0. 0. 0. ... 0. 0. 0.]
UmVhY3Rpb246OTM=_COSTAR,[0. 0. 0. ... 0. 0. 0.],[0. 0. 0. ... 0. 0. 0.]
UmVhY3Rpb246MzM5Mzkw_BULK,[0. 0. 0. ... 0. 0. 0.],[0. 0. 0. ... 0. 0. 0.]
UmVhY3Rpb246MzM5NTg0_H2OGAS,[0.01476464 0.05685913 0.13982329 ... 0.         0.         0.        ],[0.00949045 0.02107727 0.03897097 ... 0.         0.         0.        ]
UmVhY3Rpb246MzM5MjI1_H2OSTAR,[0.00188452 0.00724865 0.01702352 ... 0.         0.         0.        ],[0.00115648 0.00256952 0.00462529 ... 0.         0.         0.        ]
UmVhY3Rpb246MTA0_STAR,[0. 0. 0. ... 0. 0. 0.],[0. 0. 0. ... 0. 0. 0.]
UmVhY3Rpb246NjA=_OSTAR,[0. 0. 0. ... 0. 0. 0.],[0. 0. 0. ... 0. 0. 0.]
UmVhY3Rpb246NDMzOTkx_NOGAS,[0. 0. 0. ... 0. 0. 0.],[0. 0. 0. ... 0. 0. 0.]
UmVhY3Rpb246MTQ=_NOSTAR,[0. 0. 0. ... 0. 0. 0.],[0. 0. 0. ... 0. 0. 0.]
UmVhY3Rpb246OTI=_COGAS,[0. 0. 0. ... 0. 0. 0.],[0. 0. 0. ... 0. 0. 0.]
UmVhY3Rpb246NDMzMDE1_STAR,[0. 0. 0. ... 0. 0. 0.],[0. 0. 0. ... 0. 0. 0.]
UmVhY3Rpb246OTM=_STAR,[0. 0. 0. ... 0. 0. 0.],[0. 0. 0. ... 0. 0. 0.]
UmVhY3Rpb246MzM5MDg5_STAR,[0. 0. 0. ... 0. 0. 0.],[0. 0. 0. ... 0. 0. 0.]
UmVhY3Rpb246NDMzNTg2_STAR,[0. 0. 0. ... 0. 0. 0.],[0. 0. 0. ... 0. 0. 0.]
UmVhY3Rpb246MzM5MDIw_STAR,[0. 0. 0. ... 0. 0. 0.],[0. 0. 0. ... 0. 0. 0.]
UmVhY3Rpb246NDMzNTM1_COSTAR,[0. 0. 0. ... 0. 0. 0.],[0. 0. 0. ... 0. 0. 0.]
UmVhY3Rpb246MTc0NDgy_COSTAR,[0. 0. 0. ... 0. 0. 0.],[0. 0. 0. ... 0. 0. 0.]
UmVhY3Rpb246ODI3MTk=_COSTAR,[0. 0. 0. ... 0. 0. 0.],[0. 0. 0. ... 0. 0. 0.]
UmVhY3Rpb246MzM5NTUz_BULK,[0. 0. 0. ... 0. 0. 0.],[0. 0. 0. ... 0. 0. 0.]
UmVhY3Rpb246NDMzNjc5_COGAS,[0. 0. 0. ... 0. 0. 0.],[0. 0. 0. ... 0. 0. 0.]
UmVhY3Rpb246NDMxNjE4_NOGAS,[0. 0. 0. ... 0. 0. 0.],[0. 0. 0. ... 0. 0. 0.]
UmVhY3Rpb246NDMzMDIx_STAR,[0. 0. 0. ... 0. 0. 0.],[0. 0. 0. ... 0. 0. 0.]
UmVhY3Rpb246NDM1NzQy_STAR,[0. 0. 0. ... 0. 0. 0.],[0. 0. 0. ... 0. 0. 0.]
UmVhY3Rpb246MzM5NjY3_H2OSTAR,[0.00291273 0.01121397 0.02758279 ... 0.         0.         0.        ],[0.00187263 0.00415873 0.00768982 ... 0.         0.         0.        ]
UmVhY3Rpb246NDMzNjEy_COGAS,[0. 0. 0. ... 0. 0. 0.],[0. 0. 0. ... 0. 0. 0.]
UmVhY3Rpb246ODI3MTg=_COSTAR,[0. 0. 0. ... 0. 0. 0.],[0. 0. 0. ... 0. 0. 0.]
UmVhY3Rpb246NTk=_OSTAR,[0. 0. 0. ... 0. 0. 0.],[0. 0. 0. ... 0. 0. 0.]
UmVhY3Rpb246MTc0NTA0_COGAS,[0. 0. 0. ... 0. 0. 0.],[0. 0. 0. ... 0. 0. 0.]
UmVhY3Rpb246NTg=_OGAS,[0. 0. 0. ... 0. 0. 0.],[0. 0. 0. ... 0. 0. 0.]
UmVhY3Rpb246MzM5NTUz_H2OGAS,[0.01476464 0.05685913 0.13982329 ... 0.         0.         0.        ],[0.00949045 0.02107727 0.03897097 ... 0.         0.         0.        ]
UmVhY3Rpb246MTA1_COSTAR,[0. 0. 0. ... 0. 0. 0.],[0. 0. 0. ... 0. 0. 0.]
UmVhY3Rpb246Ng==_NOSTAR,[0. 0. 0. ... 0. 0. 0.],[0. 0. 0. ... 0. 0. 0.]
UmVhY3Rpb246MzM5NTUx_BULK,[0. 0. 0. ... 0. 0. 0.],[0. 0. 0. ... 0. 0. 0.]
UmVhY3Rpb246NDMyOTkx_STAR,[0. 0. 0. ... 0. 0. 0.],[0. 0. 0. ... 0. 0. 0.]
UmVhY3Rpb246NDMzNTQx_COGAS,[0. 0. 0. ... 0. 0. 0.],[0. 0. 0. ... 0. 0. 0.]
UmVhY3Rpb246NDEwOQ==_COGAS,[0. 0. 0. ... 0. 0. 0.],[0. 0. 0. ... 0. 0. 0.]
UmVhY3Rpb246NDM0MDky_NOSTAR,[0. 0. 0. ... 0. 0. 0.],[0. 0. 0. ... 0. 0. 0.]
UmVhY3Rpb246NjI=_STAR,[0. 0. 0. ... 0. 0. 0.],[0. 0. 0. ... 0. 0. 0.]
UmVhY3Rpb246MTc0NDgy_STAR,[0. 0. 0. ... 0. 0. 0.],[0. 0. 0. ... 0. 0. 0.]
UmVhY3Rpb246MTc0NDk4_COGAS,[0. 0. 0. ... 0. 0. 0.],[0. 0. 0. ... 0. 0. 0.]
UmVhY3Rpb246ODI3MTk=_STAR,[0. 0. 0. ... 0. 0. 0.],[0. 0. 0. ... 0. 0. 0.]
UmVhY3Rpb246MTA1_STAR,[0. 0. 0. ... 0. 0. 0.],[0. 0. 0. ... 0. 0. 0.]
UmVhY3Rpb246NDM1NTQ5_COSTAR,[0. 0. 0. ... 0. 0. 0.],[0. 0. 0. ... 0. 0. 0.]
UmVhY3Rpb246MTc0NDY4_COSTAR,[0. 0. 0. ... 0. 0. 0.],[0. 0. 0. ... 0. 0. 0.]
UmVhY3Rpb246NDMzNjcx_STAR,[0. 0. 0. ... 0. 0. 0.],[0. 0. 0. ... 0. 0. 0.]
UmVhY3Rpb246NDMzNDg4_COGAS,[0. 0. 0. ... 0. 0. 0.],[0. 0. 0. ... 0. 0. 0.]
UmVhY3Rpb246NDM1NzU0_COGAS,[0. 0. 0. ... 0. 0. 0.],[0. 0. 0. ... 0. 0. 0.]
UmVhY3Rpb246MTA1_COGAS,[0. 0. 0. ... 0. 0. 0.],[0. 0. 0. ... 0. 0. 0.]
UmVhY3Rpb246NDMzMDgx_NH3STAR,[0.00172883 0.00668209 0.01665808 ... 0.         0.         0.        ],[0.00114299 0.00256408 0.00466054 ... 0.         0.         0.        ]
UmVhY3Rpb246NjE=_OGAS,[0. 0. 0. ... 0. 0. 0.],[0. 0. 0. ... 0. 0. 0.]
UmVhY3Rpb246OA==_STAR,[0. 0. 0. ... 0. 0. 0.],[0. 0. 0. ... 0. 0. 0.]
UmVhY3Rpb246NDMxNjAy_COSTAR,[0. 0. 0. ... 0. 0. 0.],[0. 0. 0. ... 0. 0. 0.]
UmVhY3Rpb246NjM=_OSTAR,[0. 0. 0. ... 0. 0. 0.],[0. 0. 0. ... 0. 0. 0.]
UmVhY3Rpb246NDMzNjQy_COSTAR,[0. 0. 0. ... 0. 0. 0.],[0. 0. 0. ... 0. 0. 0.]
UmVhY3Rpb246Njg=_STAR,[0. 0. 0. ... 0. 0. 0.],[0. 0. 0. ... 0. 0. 0.]
UmVhY3Rpb246NDMyOTkx_NH3STAR,[0.00215052 0.00831616 0.02070354 ... 0.         0.         0.        ],[0.00142194 0.00319282 0.00578707 ... 0.         0.         0.        ]
UmVhY3Rpb246NDM1NzU0_COSTAR,[0. 0. 0. ... 0. 0. 0.],[0. 0. 0. ... 0. 0. 0.]
UmVhY3Rpb246NDMzNTQz_STAR,[0. 0. 0. ... 0. 0. 0.],[0. 0. 0. ... 0. 0. 0.]
UmVhY3Rpb246NDM1NzQy_COSTAR,[0. 0. 0. ... 0. 0. 0.],[0. 0. 0. ... 0. 0. 0.]
UmVhY3Rpb246OTY=_STAR,[0. 0. 0. ... 0. 0. 0.],[0. 0. 0. ... 0. 0. 0.]
UmVhY3Rpb246ODI3MjY=_COSTAR,[0. 0. 0. ... 0. 0. 0.],[0. 0. 0. ... 0. 0. 0.]
UmVhY3Rpb246NDMzNjQ4_COSTAR,[0. 0. 0. ... 0. 0. 0.],[0. 0. 0. ... 0. 0. 0.]
UmVhY3Rpb246MTM=_NOSTAR,[0. 0. 0. ... 0. 0. 0.],[0. 0. 0. ... 0. 0. 0.]
UmVhY3Rpb246NDM1ODA0_STAR,[0. 0. 0. ... 0. 0. 0.],[0. 0. 0. ... 0. 0. 0.]
UmVhY3Rpb246NDMzNjcx_COGAS,[0. 0. 0. ... 0. 0. 0.],[0. 0. 0. ... 0. 0. 0.]
UmVhY3Rpb246NDM1NzAx_STAR,[0. 0. 0. ... 0. 0. 0.],[0. 0. 0. ... 0. 0. 0.]
UmVhY3Rpb246NDI4Mjc1_H2OSTAR,[0.00206001 0.00792133 0.0187727  ... 0.         0.         0.        ],[0.00126558 0.00284386 0.00497737 ... 0.         0.         0.        ]
UmVhY3Rpb246NDMzNjE5_COGAS,[0. 0. 0. ... 0. 0. 0.],[0. 0. 0. ... 0. 0. 0.]
UmVhY3Rpb246MzM5MDIy_BULK,[0. 0. 0. ... 0. 0. 0.],[0. 0. 0. ... 0. 0. 0.]
UmVhY3Rpb246NDM1NzQy_COGAS,[0. 0. 0. ... 0. 0. 0.],[0. 0. 0. ... 0. 0. 0.]
UmVhY3Rpb246NDM1NTM3_COSTAR,[0. 0. 0. ... 0. 0. 0.],[0. 0. 0. ... 0. 0. 0.]
UmVhY3Rpb246NDMzNTgw_COGAS,[0. 0. 0. ... 0. 0. 0.],[0. 0. 0. ... 0. 0. 0.]
UmVhY3Rpb246Nw==_STAR,[0. 0. 0. ... 0. 0. 0.],[0. 0. 0. ... 0. 0. 0.]
UmVhY3Rpb246NA==_STAR,[0. 0. 0. ... 0. 0. 0.],[0. 0. 0. ... 0. 0. 0.]
UmVhY3Rpb246OTc=_COSTAR,[0. 0. 0. ... 0. 0. 0.],[0. 0. 0. ... 0. 0. 0.]
UmVhY3Rpb246MzM5MjI0_STAR,[0. 0. 0. ... 0. 0. 0.],[0. 0. 0. ... 0. 0. 0.]
UmVhY3Rpb246MTA0_COGAS,[0. 0. 0. ... 0. 0. 0.],[0. 0. 0. ... 0. 0. 0.]
UmVhY3Rpb246OTY=_COGAS,[0. 0. 0. ... 0. 0. 0.],[0. 0. 0. ... 0. 0. 0.]
UmVhY3Rpb246NDM0MTA3_NOSTAR,[0. 0. 0. ... 0. 0. 0.],[0. 0. 0. ... 0. 0. 0.]
UmVhY3Rpb246MzM5MzYx_H2OSTAR,[0.00205727 0.00792283 0.0187252  ... 0.         0.         0.        ],[0.0012795  0.00279997 0.00528509 ... 0.         0.         0.        ]
UmVhY3Rpb246MzM5NjY4_BULK,[0. 0. 0. ... 0. 0. 0.],[0. 0. 0. ... 0. 0. 0.]
UmVhY3Rpb246MTAz_STAR,[0. 0. 0. ... 0. 0. 0.],[0. 0. 0. ... 0. 0. 0.]
UmVhY3Rpb246NDEwOQ==_COSTAR,[0. 0. 0. ... 0. 0. 0.],[0. 0. 0. ... 0. 0. 0.]
UmVhY3Rpb246MTc0NDY2_COSTAR,[0. 0. 0. ... 0. 0. 0.],[0. 0. 0. ... 0. 0. 0.]
UmVhY3Rpb246NDMzOTk4_NOSTAR,[0. 0. 0. ... 0. 0. 0.],[0. 0. 0. ... 0. 0. 0.]
UmVhY3Rpb246NDMzMTA1_STAR,[0. 0. 0. ... 0. 0. 0.],[0. 0. 0. ... 0. 0. 0.]
UmVhY3Rpb246MTA4_STAR,[0. 0. 0. ... 0. 0. 0.],[0. 0. 0. ... 0. 0. 0.]
UmVhY3Rpb246MzM5Mzkw_H2OGAS,[0.01476464 0.05685913 0.13982329 ... 0.         0.         0.        ],[0.00949045 0.02107727 0.03897097 ... 0.         0.         0.        ]
UmVhY3Rpb246MTAw_COGAS,[0. 0. 0. ... 0. 0. 0.],[0. 0. 0. ... 0. 0. 0.]
UmVhY3Rpb246NDMyOTc5_NH3GAS,[0.01727417 0.06683309 0.1663292  ... 0.         0.         0.        ],[0.011424   0.02572566 0.04626007 ... 0.         0.         0.        ]
UmVhY3Rpb246NTg=_STAR,[0. 0. 0. ... 0. 0. 0.],[0. 0. 0. ... 0. 0. 0.]
UmVhY3Rpb246MzM5MDIy_H2OGAS,[0.01476464 0.05685913 0.13982329 ... 0.         0.         0.        ],[0.00949045 0.02107727 0.03897097 ... 0.         0.         0.        ]
UmVhY3Rpb246ODI3MTg=_STAR,[0. 0. 0. ... 0. 0. 0.],[0. 0. 0. ... 0. 0. 0.]
UmVhY3Rpb246NDM0MDUw_STAR,[0. 0. 0. ... 0. 0. 0.],[0. 0. 0. ... 0. 0. 0.]
UmVhY3Rpb246NDM0MDYx_NOSTAR,[0. 0. 0. ... 0. 0. 0.],[0. 0. 0. ... 0. 0. 0.]
UmVhY3Rpb246MzM5Mjk0_H2OSTAR,[0.00279349 0.01075284 0.02643521 ... 0.         0.         0.        ],[0.00179778 0.00398828 0.00739487 ... 0.         0.         0.        ]
UmVhY3Rpb246MzM5Mjk1_H2OSTAR,[0.00188168 0.00725617 0.01695737 ... 0.         0.         0.        ],[0.0011629  0.0025534  0.00475314 ... 0.         0.         0.        ]
UmVhY3Rpb246NDMzMDAz_STAR,[0. 0. 0. ... 0. 0. 0.],[0. 0. 0. ... 0. 0. 0.]
UmVhY3Rpb246NDM0MDc1_NOGAS,[0. 0. 0. ... 0. 0. 0.],[0. 0. 0. ... 0. 0. 0.]
UmVhY3Rpb246NDMzNTYx_STAR,[0. 0. 0. ... 0. 0. 0.],[0. 0. 0. ... 0. 0. 0.]
UmVhY3Rpb246MTI=_STAR,[0. 0. 0. ... 0. 0. 0.],[0. 0. 0. ... 0. 0. 0.]
UmVhY3Rpb246NDM0MDcx_STAR,[0. 0. 0. ... 0. 0. 0.],[0. 0. 0. ... 0. 0. 0.]
UmVhY3Rpb246NDM1NzI4_COGAS,[0. 0. 0. ... 0. 0. 0.],[0. 0. 0. ... 0. 0. 0.]
UmVhY3Rpb246Njk=_OSTAR,[0. 0. 0. ... 0. 0. 0.],[0. 0. 0. ... 0. 0. 0.]
UmVhY3Rpb246MTc0NDY2_COGAS,[0. 0. 0. ... 0. 0. 0.],[0. 0. 0. ... 0. 0. 0.]
UmVhY3Rpb246NDM0MDc1_NOSTAR,[0. 0. 0. ... 0. 0. 0.],[0. 0. 0. ... 0. 0. 0.]
UmVhY3Rpb246NDMzMDYz_NH3GAS,[0.01727417 0.06683309 0.1663292  ... 0.         0.         0.        ],[0.011424   0.02572566 0.04626007 ... 0.         0.         0.        ]
UmVhY3Rpb246NDMzNjUx_COGAS,[0. 0. 0. ... 0. 0. 0.],[0. 0. 0. ... 0. 0. 0.]
UmVhY3Rpb246NDMyOTYx_NH3GAS,[0.01727417 0.06683309 0.1663292  ... 0.         0.         0.        ],[0.011424   0.02572566 0.04626007 ... 0.         0.         0.        ]
UmVhY3Rpb246NjY=_STAR,[0. 0. 0. ... 0. 0. 0.],[0. 0. 0. ... 0. 0. 0.]
UmVhY3Rpb246NzE=_OSTAR,[0. 0. 0. ... 0. 0. 0.],[0. 0. 0. ... 0. 0. 0.]
UmVhY3Rpb246ODI3MTk=_COGAS,[0. 0. 0. ... 0. 0. 0.],[0. 0. 0. ... 0. 0. 0.]
UmVhY3Rpb246NDMzNjA1_COSTAR,[0. 0. 0. ... 0. 0. 0.],[0. 0. 0. ... 0. 0. 0.]
UmVhY3Rpb246NDMzMDM5_NH3GAS,[0.01727417 0.06683309 0.1663292  ... 0.         0.         0.        ],[0.011424   0.02572566 0.04626007 ... 0.         0.         0.        ]
UmVhY3Rpb246OTQ=_COGAS,[0. 0. 0. ... 0. 0. 0.],[0. 0. 0. ... 0. 0. 0.]
UmVhY3Rpb246NDMxNjA3_COGAS,[0. 0. 0. ... 0. 0. 0.],[0. 0. 0. ... 0. 0. 0.]
UmVhY3Rpb246OQ==_NOSTAR,[0. 0. 0. ... 0. 0. 0.],[0. 0. 0. ... 0. 0. 0.]
UmVhY3Rpb246MzM5NzQy_STAR,[0. 0. 0. ... 0. 0. 0.],[0. 0. 0. ... 0. 0. 0.]
UmVhY3Rpb246NTk=_STAR,[0. 0. 0. ... 0. 0. 0.],[0. 0. 0. ... 0. 0. 0.]
UmVhY3Rpb246MzM5MTYx_H2OGAS,[0.01476464 0.05685913 0.13982329 ... 0.         0.         0.        ],[0.00949045 0.02107727 0.03897097 ... 0.         0.         0.        ]
UmVhY3Rpb246MzM5NzQ0_BULK,[0. 0. 0. ... 0. 0. 0.],[0. 0. 0. ... 0. 0. 0.]
UmVhY3Rpb246MzM5NzQy_H2OGAS,[0.01476464 0.05685913 0.13982329 ... 0.         0.         0.        ],[0.00949045 0.02107727 0.03897097 ... 0.         0.         0.        ]
UmVhY3Rpb246MzM5MzYy_BULK,[0. 0. 0. ... 0. 0. 0.],[0. 0. 0. ... 0. 0. 0.]
UmVhY3Rpb246NDM1Nzc2_COGAS,[0. 0. 0. ... 0. 0. 0.],[0. 0. 0. ... 0. 0. 0.]
UmVhY3Rpb246NA==_NOSTAR,[0. 0. 0. ... 0. 0. 0.],[0. 0. 0. ... 0. 0. 0.]
UmVhY3Rpb246NjA=_STAR,[0. 0. 0. ... 0. 0. 0.],[0. 0. 0. ... 0. 0. 0.]
UmVhY3Rpb246ODI3MTY=_COGAS,[0. 0. 0. ... 0. 0. 0.],[0. 0. 0. ... 0. 0. 0.]
UmVhY3Rpb246NDM0MDU0_STAR,[0. 0. 0. ... 0. 0. 0.],[0. 0. 0. ... 0. 0. 0.]
UmVhY3Rpb246MzM5Mjk0_H2OGAS,[0.01476464 0.05685913 0.13982329 ... 0.         0.         0.        ],[0.00949045 0.02107727 0.03897097 ... 0.         0.         0.        ]
UmVhY3Rpb246NTk=_OGAS,[0. 0. 0. ... 0. 0. 0.],[0. 0. 0. ... 0. 0. 0.]
UmVhY3Rpb246ODI3MTQ=_COSTAR,[0. 0. 0. ... 0. 0. 0.],[0. 0. 0. ... 0. 0. 0.]
UmVhY3Rpb246NDMyOTcz_NH3STAR,[0.00172231 0.00665782 0.0165892  ... 0.         0.         0.        ],[0.00113867 0.00255657 0.00463528 ... 0.         0.         0.        ]
UmVhY3Rpb246MTY=_NOSTAR,[0. 0. 0. ... 0. 0. 0.],[0. 0. 0. ... 0. 0. 0.]
UmVhY3Rpb246NDM0MDQw_NOGAS,[0. 0. 0. ... 0. 0. 0.],[0. 0. 0. ... 0. 0. 0.]
UmVhY3Rpb246MzM5MTYx_STAR,[0. 0. 0. ... 0. 0. 0.],[0. 0. 0. ... 0. 0. 0.]
UmVhY3Rpb246NDMzOTg3_NOGAS,[0. 0. 0. ... 0. 0. 0.],[0. 0. 0. ... 0. 0. 0.]
UmVhY3Rpb246NDM0MDU0_NOGAS,[0. 0. 0. ... 0. 0. 0.],[0. 0. 0. ... 0. 0. 0.]
UmVhY3Rpb246NDMzMTA1_NH3STAR,[0.00172541 0.00666987 0.01661965 ... 0.         0.         0.        ],[0.00114072 0.00256123 0.00464355 ... 0.         0.         0.        ]
UmVhY3Rpb246NDMxNjA5_COGAS,[0. 0. 0. ... 0. 0. 0.],[0. 0. 0. ... 0. 0. 0.]
UmVhY3Rpb246NDMzMDI3_NH3GAS,[0.01727417 0.06683309 0.1663292  ... 0.         0.         0.        ],[0.011424   0.02572566 0.04626007 ... 0.         0.         0.        ]
UmVhY3Rpb246NDM0MDE5_STAR,[0. 0. 0. ... 0. 0. 0.],[0. 0. 0. ... 0. 0. 0.]
UmVhY3Rpb246NDMzNDcw_STAR,[0. 0. 0. ... 0. 0. 0.],[0. 0. 0. ... 0. 0. 0.]
UmVhY3Rpb246NDM1Nzc2_COSTAR,[0. 0. 0. ... 0. 0. 0.],[0. 0. 0. ... 0. 0. 0.]
UmVhY3Rpb246NDMzNjc5_STAR,[0. 0. 0. ... 0. 0. 0.],[0. 0. 0. ... 0. 0. 0.]
UmVhY3Rpb246NDMzNTQx_STAR,[0. 0. 0. ... 0. 0. 0.],[0. 0. 0. ... 0. 0. 0.]
UmVhY3Rpb246NDM1NzU0_STAR,[0. 0. 0. ... 0. 0. 0.],[0. 0. 0. ... 0. 0. 0.]
UmVhY3Rpb246NDMzMDg3_NH3GAS,[0.01727417 0.06683309 0.1663292  ... 0.         0.         0.        ],[0.011424   0.02572566 0.04626007 ... 0.         0.         0.        ]
UmVhY3Rpb246NQ==_NOGAS,[0. 0. 0. ... 0. 0. 0.],[0. 0. 0. ... 0. 0. 0.]
UmVhY3Rpb246MzM5NzQ0_H2OGAS,[0.01476464 0.05685913 0.13982329 ... 0.         0.         0.        ],[0.00949045 0.02107727 0.03897097 ... 0.         0.         0.        ]
UmVhY3Rpb246OTQ=_COSTAR,[0. 0. 0. ... 0. 0. 0.],[0. 0. 0. ... 0. 0. 0.]
UmVhY3Rpb246NDMzMDIx_NH3STAR,[0.00173372 0.00670192 0.01670414 ... 0.         0.         0.        ],[0.00114616 0.00257232 0.00466975 ... 0.         0.         0.        ]
UmVhY3Rpb246OTM=_COGAS,[0. 0. 0. ... 0. 0. 0.],[0. 0. 0. ... 0. 0. 0.]
UmVhY3Rpb246NTc=_STAR,[0. 0. 0. ... 0. 0. 0.],[0. 0. 0. ... 0. 0. 0.]
UmVhY3Rpb246NjY=_OSTAR,[0. 0. 0. ... 0. 0. 0.],[0. 0. 0. ... 0. 0. 0.]
UmVhY3Rpb246NDMyOTg1_NH3GAS,[0.01727417 0.06683309 0.1663292  ... 0.         0.         0.        ],[0.011424   0.02572566 0.04626007 ... 0.         0.         0.        ]
UmVhY3Rpb246MTAx_COSTAR,[0. 0. 0. ... 0. 0. 0.],[0. 0. 0. ... 0. 0. 0.]
UmVhY3Rpb246NDM0MDgy_NOGAS,[0. 0. 0. ... 0. 0. 0.],[0. 0. 0. ... 0. 0. 0.]
UmVhY3Rpb246NDMxNjEw_COSTAR,[0. 0. 0. ... 0. 0. 0.],[0. 0. 0. ... 0. 0. 0.]
UmVhY3Rpb246MTAy_STAR,[0. 0. 0. ... 0. 0. 0.],[0. 0. 0. ... 0. 0. 0.]
UmVhY3Rpb246OTg=_STAR,[0. 0. 0. ... 0. 0. 0.],[0. 0. 0. ... 0. 0. 0.]
UmVhY3Rpb246NzA=_OSTAR,[0. 0. 0. ... 0. 0. 0.],[0. 0. 0. ... 0. 0. 0.]
UmVhY3Rpb246NDMzNTM0_STAR,[0. 0. 0. ... 0. 0. 0.],[0. 0. 0. ... 0. 0. 0.]
UmVhY3Rpb246NDMxNjA3_STAR,[0. 0. 0. ... 0. 0. 0.],[0. 0. 0. ... 0. 0. 0.]
UmVhY3Rpb246NDMzNjQy_COGAS,[0. 0. 0. ... 0. 0. 0.],[0. 0. 0. ... 0. 0. 0.]
UmVhY3Rpb246NDMzMDI3_STAR,[0. 0. 0. ... 0. 0. 0.],[0. 0. 0. ... 0. 0. 0.]
UmVhY3Rpb246OTI=_COSTAR,[0. 0. 0. ... 0. 0. 0.],[0. 0. 0. ... 0. 0. 0.]
UmVhY3Rpb246NDMxNjEw_COGAS,[0. 0. 0. ... 0. 0. 0.],[0. 0. 0. ... 0. 0. 0.]
UmVhY3Rpb246NzE=_OGAS,[0. 0. 0. ... 0. 0. 0.],[0. 0. 0. ... 0. 0. 0.]
UmVhY3Rpb246MzM5NzQz_BULK,[0. 0. 0. ... 0. 0. 0.],[0. 0. 0. ... 0. 0. 0.]
UmVhY3Rpb246OTg=_COSTAR,[0. 0. 0. ... 0. 0. 0.],[0. 0. 0. ... 0. 0. 0.]
UmVhY3Rpb246MTA=_NOSTAR,[0. 0. 0. ... 0. 0. 0.],[0. 0. 0. ... 0. 0. 0.]
UmVhY3Rpb246NDMzNDc5_COSTAR,[0. 0. 0. ... 0. 0. 0.],[0. 0. 0. ... 0. 0. 0.]
UmVhY3Rpb246MzM5Mjk1_STAR,[0. 0. 0. ... 0. 0. 0.],[0. 0. 0. ... 0. 0. 0.]
UmVhY3Rpb246NDM0MTE3_STAR,[0. 0. 0. ... 0. 0. 0.],[0. 0. 0. ... 0. 0. 0.]
UmVhY3Rpb246NDM1Njc1_COGAS,[0. 0. 0. ... 0. 0. 0.],[0. 0. 0. ... 0. 0. 0.]
UmVhY3Rpb246MTA4_COSTAR,[0. 0. 0. ... 0. 0. 0.],[0. 0. 0. ... 0. 0. 0.]
UmVhY3Rpb246MzM5MDU3_BULK,[0. 0. 0. ... 0. 0. 0.],[0. 0. 0. ... 0. 0. 0.]
UmVhY3Rpb246MTc0NDgw_COSTAR,[0. 0. 0. ... 0. 0. 0.],[0. 0. 0. ... 0. 0. 0.]
UmVhY3Rpb246MzM5MTYy_STAR,[0. 0. 0. ... 0. 0. 0.],[0. 0. 0. ... 0. 0. 0.]
UmVhY3Rpb246NDMzNjUx_STAR,[0. 0. 0. ... 0. 0. 0.],[0. 0. 0. ... 0. 0. 0.]
UmVhY3Rpb246NDMzMDYz_NH3STAR,[0.00216548 0.00837478 0.02085107 ... 0.         0.         0.        ],[0.001432   0.00321852 0.00581842 ... 0.         0.         0.        ]
UmVhY3Rpb246NDMzMDgx_STAR,[0. 0. 0. ... 0. 0. 0.],[0. 0. 0. ... 0. 0. 0.]
UmVhY3Rpb246MTc0NTA2_CHOSTAR,[0.00031169 0.00119052 0.00286961 ... 0.         0.         0.        ],[0.00019329 0.00042282 0.00080113 ... 0.         0.         0.        ]
UmVhY3Rpb246NDMzNjQ4_COGAS,[0. 0. 0. ... 0. 0. 0.],[0. 0. 0. ... 0. 0. 0.]
UmVhY3Rpb246OTI=_STAR,[0. 0. 0. ... 0. 0. 0.],[0. 0. 0. ... 0. 0. 0.]
UmVhY3Rpb246MTY=_NOGAS,[0. 0. 0. ... 0. 0. 0.],[0. 0. 0. ... 0. 0. 0.]
UmVhY3Rpb246OTU=_COGAS,[0. 0. 0. ... 0. 0. 0.],[0. 0. 0. ... 0. 0. 0.]
UmVhY3Rpb246ODI3MTc=_COGAS,[0. 0. 0. ... 0. 0. 0.],[0. 0. 0. ... 0. 0. 0.]
UmVhY3Rpb246Ng==_NOGAS,[0. 0. 0. ... 0. 0. 0.],[0. 0. 0. ... 0. 0. 0.]
UmVhY3Rpb246NDMzNTQx_COSTAR,[0. 0. 0. ... 0. 0. 0.],[0. 0. 0. ... 0. 0. 0.]
UmVhY3Rpb246MTc0NDc0_CHOSTAR,[0.00031092 0.00118753 0.00286233 ... 0.         0.         0.        ],[0.00019279 0.00042164 0.00079925 ... 0.         0.         0.        ]
UmVhY3Rpb246OTE=_COSTAR,[0. 0. 0. ... 0. 0. 0.],[0. 0. 0. ... 0. 0. 0.]
UmVhY3Rpb246NDM0MDE5_NOGAS,[0. 0. 0. ... 0. 0. 0.],[0. 0. 0. ... 0. 0. 0.]
UmVhY3Rpb246NDMzNjA1_STAR,[0. 0. 0. ... 0. 0. 0.],[0. 0. 0. ... 0. 0. 0.]
UmVhY3Rpb246MTc0NDcy_STAR,[0. 0. 0. ... 0. 0. 0.],[0. 0. 0. ... 0. 0. 0.]
UmVhY3Rpb246MzM5Mjk0_STAR,[0. 0. 0. ... 0. 0. 0.],[0. 0. 0. ... 0. 0. 0.]
UmVhY3Rpb246MzM5MDg4_H2OGAS,[0.01476464 0.05685913 0.13982329 ... 0.         0.         0.        ],[0.00949045 0.02107727 0.03897097 ... 0.         0.         0.        ]
UmVhY3Rpb246NDM0MDI5_NOGAS,[0. 0. 0. ... 0. 0. 0.],[0. 0. 0. ... 0. 0. 0.]
UmVhY3Rpb246NDMzNTA3_STAR,[0. 0. 0. ... 0. 0. 0.],[0. 0. 0. ... 0. 0. 0.]
UmVhY3Rpb246MTAy_COGAS,[0. 0. 0. ... 0. 0. 0.],[0. 0. 0. ... 0. 0. 0.]
UmVhY3Rpb246MzM5MTYy_H2OGAS,[0.01476464 0.05685913 0.13982329 ... 0.         0.         0.        ],[0.00949045 0.02107727 0.03897097 ... 0.         0.         0.        ]
UmVhY3Rpb246NDM1NjM1_STAR,[0. 0. 0. ... 0. 0. 0.],[0. 0. 0. ... 0. 0. 0.]
UmVhY3Rpb246MTc0NDcy_COSTAR,[0. 0. 0. ... 0. 0. 0.],[0. 0. 0. ... 0. 0. 0.]
UmVhY3Rpb246MzM5Njg3_BULK,[0. 0. 0. ... 0. 0. 0.],[0. 0. 0. ... 0. 0. 0.]
UmVhY3Rpb246MzM5MDg5_H2OSTAR,[0.00188177 0.00725544 0.0169635  ... 0.         0.         0.        ],[0.00116101 0.00255897 0.00471292 ... 0.         0.         0.        ]
UmVhY3Rpb246MzM5NTUx_H2OGAS,[0.01476464 0.05685913 0.13982329 ... 0.         0.         0.        ],[0.00949045 0.02107727 0.03897097 ... 0.         0.         0.        ]
UmVhY3Rpb246MTc0NTA2_COGAS,[0. 0. 0. ... 0. 0. 0.],[0. 0. 0. ... 0. 0. 0.]
UmVhY3Rpb246NjU=_STAR,[0. 0. 0. ... 0. 0. 0.],[0. 0. 0. ... 0. 0. 0.]
UmVhY3Rpb246MQ==_STAR,[0. 0. 0. ... 0. 0. 0.],[0. 0. 0. ... 0. 0. 0.]
UmVhY3Rpb246NDM0MDMz_NOSTAR,[0. 0. 0. ... 0. 0. 0.],[0. 0. 0. ... 0. 0. 0.]
UmVhY3Rpb246MTAw_COSTAR,[0. 0. 0. ... 0. 0. 0.],[0. 0. 0. ... 0. 0. 0.]
UmVhY3Rpb246NDM0MDk2_NOSTAR,[0. 0. 0. ... 0. 0. 0.],[0. 0. 0. ... 0. 0. 0.]
UmVhY3Rpb246MTc0NDcw_COSTAR,[0. 0. 0. ... 0. 0. 0.],[0. 0. 0. ... 0. 0. 0.]
UmVhY3Rpb246NDM0MTEz_STAR,[0. 0. 0. ... 0. 0. 0.],[0. 0. 0. ... 0. 0. 0.]
UmVhY3Rpb246NDM1NTE3_STAR,[0. 0. 0. ... 0. 0. 0.],[0. 0. 0. ... 0. 0. 0.]
UmVhY3Rpb246NDMxNjAy_COGAS,[0. 0. 0. ... 0. 0. 0.],[0. 0. 0. ... 0. 0. 0.]
UmVhY3Rpb246ODI3MTM=_COSTAR,[0. 0. 0. ... 0. 0. 0.],[0. 0. 0. ... 0. 0. 0.]
UmVhY3Rpb246MzM5Mzg5_H2OSTAR,[0.00291324 0.01121568 0.02758765 ... 0.         0.         0.        ],[0.00187294 0.00415922 0.00769169 ... 0.         0.         0.        ]
UmVhY3Rpb246NzI=_STAR,[0. 0. 0. ... 0. 0. 0.],[0. 0. 0. ... 0. 0. 0.]
UmVhY3Rpb246NDMxNjA4_COSTAR,[0. 0. 0. ... 0. 0. 0.],[0. 0. 0. ... 0. 0. 0.]
UmVhY3Rpb246NDM0MDQw_NOSTAR,[0. 0. 0. ... 0. 0. 0.],[0. 0. 0. ... 0. 0. 0.]
UmVhY3Rpb246MzM5MjIz_BULK,[0. 0. 0. ... 0. 0. 0.],[0. 0. 0. ... 0. 0. 0.]
UmVhY3Rpb246NDM0MDMz_STAR,[0. 0. 0. ... 0. 0. 0.],[0. 0. 0. ... 0. 0. 0.]
UmVhY3Rpb246MzM5MDg4_BULK,[0. 0. 0. ... 0. 0. 0.],[0. 0. 0. ... 0. 0. 0.]
UmVhY3Rpb246MzM5NzQ0_STAR,[0. 0. 0. ... 0. 0. 0.],[0. 0. 0. ... 0. 0. 0.]
UmVhY3Rpb246NDM1Njk3_STAR,[0. 0. 0. ... 0. 0. 0.],[0. 0. 0. ... 0. 0. 0.]
UmVhY3Rpb246MTAz_COSTAR,[0. 0. 0. ... 0. 0. 0.],[0. 0. 0. ... 0. 0. 0.]
UmVhY3Rpb246MzM5Njg3_H2OSTAR,[0.0029111  0.01120765 0.02756767 ... 0.         0.         0.        ],[0.0018716  0.00415662 0.00768505 ... 0.         0.         0.        ]
UmVhY3Rpb246MTc0NTA2_COSTAR,[0. 0. 0. ... 0. 0. 0.],[0. 0. 0. ... 0. 0. 0.]
UmVhY3Rpb246MzM5NjY4_STAR,[0. 0. 0. ... 0. 0. 0.],[0. 0. 0. ... 0. 0. 0.]
UmVhY3Rpb246NDM0MDky_NOGAS,[0. 0. 0. ... 0. 0. 0.],[0. 0. 0. ... 0. 0. 0.]
UmVhY3Rpb246OTc=_STAR,[0. 0. 0. ... 0. 0. 0.],[0. 0. 0. ... 0. 0. 0.]
UmVhY3Rpb246OTQ=_STAR,[0. 0. 0. ... 0. 0. 0.],[0. 0. 0. ... 0. 0. 0.]
UmVhY3Rpb246MTc0NTA0_STAR,[0. 0. 0. ... 0. 0. 0.],[0. 0. 0. ... 0. 0. 0.]
UmVhY3Rpb246NDMzNTg0_COSTAR,[0. 0. 0. ... 0. 0. 0.],[0. 0. 0. ... 0. 0. 0.]
UmVhY3Rpb246MTAx_STAR,[0. 0. 0. ... 0. 0. 0.],[0. 0. 0. ... 0. 0. 0.]
UmVhY3Rpb246MzM5MzYy_STAR,[0. 0. 0. ... 0. 0. 0.],[0. 0. 0. ... 0. 0. 0.]
UmVhY3Rpb246NDMzMDMz_STAR,[0. 0. 0. ... 0. 0. 0.],[0. 0. 0. ... 0. 0. 0.]
UmVhY3Rpb246NDMzNTg2_COSTAR,[0. 0. 0. ... 0. 0. 0.],[0. 0. 0. ... 0. 0. 0.]
UmVhY3Rpb246NDMzNjg4_COSTAR,[0. 0. 0. ... 0. 0. 0.],[0. 0. 0. ... 0. 0. 0.]
UmVhY3Rpb246NDMzMDI3_NH3STAR,[0.00215479 0.00833279 0.02074253 ... 0.         0.         0.        ],[0.00142483 0.00320278 0.00578737 ... 0.         0.         0.        ]
UmVhY3Rpb246NDMzNjMy_COSTAR,[0. 0. 0. ... 0. 0. 0.],[0. 0. 0. ... 0. 0. 0.]
UmVhY3Rpb246ODI3MTM=_STAR,[0. 0. 0. ... 0. 0. 0.],[0. 0. 0. ... 0. 0. 0.]
UmVhY3Rpb246NjQ=_OGAS,[0. 0. 0. ... 0. 0. 0.],[0. 0. 0. ... 0. 0. 0.]
UmVhY3Rpb246MzM5MDg5_H2OGAS,[0.01476464 0.05685913 0.13982329 ... 0.         0.         0.        ],[0.00949045 0.02107727 0.03897097 ... 0.         0.         0.        ]
UmVhY3Rpb246ODI3MTg=_COGAS,[0. 0. 0. ... 0. 0. 0.],[0. 0. 0. ... 0. 0. 0.]
UmVhY3Rpb246MzM5MDg4_STAR,[0. 0. 0. ... 0. 0. 0.],[0. 0. 0. ... 0. 0. 0.]
UmVhY3Rpb246NDMzMDQ1_NH3GAS,[0.01727417 0.06683309 0.1663292  ... 0.         0.         0.        ],[0.011424   0.02572566 0.04626007 ... 0.         0.         0.        ]
UmVhY3Rpb246NDM1NTQ5_STAR,[0. 0. 0. ... 0. 0. 0.],[0. 0. 0. ... 0. 0. 0.]
UmVhY3Rpb246NTU=_OGAS,[0. 0. 0. ... 0. 0. 0.],[0. 0. 0. ... 0. 0. 0.]
UmVhY3Rpb246MTc0NDc0_COSTAR,[0. 0. 0. ... 0. 0. 0.],[0. 0. 0. ... 0. 0. 0.]
UmVhY3Rpb246MTc0NTE2_COSTAR,[0. 0. 0. ... 0. 0. 0.],[0. 0. 0. ... 0. 0. 0.]
UmVhY3Rpb246NDM0MDk2_NOGAS,[0. 0. 0. ... 0. 0. 0.],[0. 0. 0. ... 0. 0. 0.]
UmVhY3Rpb246MTc0NDcy_COGAS,[0. 0. 0. ... 0. 0. 0.],[0. 0. 0. ... 0. 0. 0.]
UmVhY3Rpb246NDM1NTE3_COSTAR,[0. 0. 0. ... 0. 0. 0.],[0. 0. 0. ... 0. 0. 0.]
UmVhY3Rpb246NDM0MDEy_NOSTAR,[0. 0. 0. ... 0. 0. 0.],[0. 0. 0. ... 0. 0. 0.]
UmVhY3Rpb246MzM5NTg0_H2OSTAR,[0.00206002 0.00795709 0.01871759 ... 0.         0.         0.        ],[0.00127603 0.00283673 0.00512275 ... 0.         0.         0.        ]
UmVhY3Rpb246NDMzMDg3_NH3STAR,[0.00213463 0.00825513 0.02054447 ... 0.         0.         0.        ],[0.00141132 0.00317022 0.00573901 ... 0.         0.         0.        ]
UmVhY3Rpb246MTc0NTE4_STAR,[0. 0. 0. ... 0. 0. 0.],[0. 0. 0. ... 0. 0. 0.]
UmVhY3Rpb246NDEwOA==_COGAS,[0. 0. 0. ... 0. 0. 0.],[0. 0. 0. ... 0. 0. 0.]
UmVhY3Rpb246NDMzMDAz_NH3STAR,[0.00214355 0.00828797 0.02063942 ... 0.         0.         0.        ],[0.00141744 0.0031839  0.00576502 ... 0.         0.         0.        ]
UmVhY3Rpb246MzM5Mjk1_H2OGAS,[0.01476464 0.05685913 0.13982329 ... 0.         0.         0.        ],[0.00949045 0.02107727 0.03897097 ... 0.         0.         0.        ]
UmVhY3Rpb246OTY=_COSTAR,[0. 0. 0. ... 0. 0. 0.],[0. 0. 0. ... 0. 0. 0.]
UmVhY3Rpb246MzM5MjIz_H2OSTAR,[0.00291272 0.01121377 0.02758234 ... 0.         0.         0.        ],[0.00187268 0.00415807 0.00769247 ... 0.         0.         0.        ]
UmVhY3Rpb246MTc0NDY0_COSTAR,[0. 0. 0. ... 0. 0. 0.],[0. 0. 0. ... 0. 0. 0.]
UmVhY3Rpb246NDMxNjEx_COSTAR,[0. 0. 0. ... 0. 0. 0.],[0. 0. 0. ... 0. 0. 0.]
UmVhY3Rpb246NDM1NTg1_STAR,[0. 0. 0. ... 0. 0. 0.],[0. 0. 0. ... 0. 0. 0.]
UmVhY3Rpb246MzM5NzQx_STAR,[0. 0. 0. ... 0. 0. 0.],[0. 0. 0. ... 0. 0. 0.]
UmVhY3Rpb246ODI3MTQ=_STAR,[0. 0. 0. ... 0. 0. 0.],[0. 0. 0. ... 0. 0. 0.]
UmVhY3Rpb246MzM5MTYx_BULK,[0. 0. 0. ... 0. 0. 0.],[0. 0. 0. ... 0. 0. 0.]
UmVhY3Rpb246NDMzMDY5_STAR,[0. 0. 0. ... 0. 0. 0.],[0. 0. 0. ... 0. 0. 0.]
UmVhY3Rpb246MzM5MjIz_H2OGAS,[0.01476464 0.05685913 0.13982329 ... 0.         0.         0.        ],[0.00949045 0.02107727 0.03897097 ... 0.         0.         0.        ]
UmVhY3Rpb246NDMzNTYx_COSTAR,[0. 0. 0. ... 0. 0. 0.],[0. 0. 0. ... 0. 0. 0.]
UmVhY3Rpb246MTc0NDY4_COGAS,[0. 0. 0. ... 0. 0. 0.],[0. 0. 0. ... 0. 0. 0.]
UmVhY3Rpb246NDMzNTM1_STAR,[0. 0. 0. ... 0. 0. 0.],[0. 0. 0. ... 0. 0. 0.]
UmVhY3Rpb246NDM0MDI5_STAR,[0. 0. 0. ... 0. 0. 0.],[0. 0. 0. ... 0. 0. 0.]
UmVhY3Rpb246MTc=_STAR,[0. 0. 0. ... 0. 0. 0.],[0. 0. 0. ... 0. 0. 0.]
UmVhY3Rpb246NDEwOQ==_STAR,[0. 0. 0. ... 0. 0. 0.],[0. 0. 0. ... 0. 0. 0.]
UmVhY3Rpb246NDM0MDE5_NOSTAR,[0. 0. 0. ... 0. 0. 0.],[0. 0. 0. ... 0. 0. 0.]
UmVhY3Rpb246MzM5NTg1_H2OGAS,[0.01476464 0.05685913 0.13982329 ... 0.         0.         0.        ],[0.00949045 0.02107727 0.03897097 ... 0.         0.         0.        ]
UmVhY3Rpb246MzM5MjI1_BULK,[0. 0. 0. ... 0. 0. 0.],[0. 0. 0. ... 0. 0. 0.]
UmVhY3Rpb246NDM1NTQz_STAR,[0. 0. 0. ... 0. 0. 0.],[0. 0. 0. ... 0. 0. 0.]
UmVhY3Rpb246NjM=_OGAS,[0. 0. 0. ... 0. 0. 0.],[0. 0. 0. ... 0. 0. 0.]
UmVhY3Rpb246NDMzNDYx_COSTAR,[0. 0. 0. ... 0. 0. 0.],[0. 0. 0. ... 0. 0. 0.]
UmVhY3Rpb246MzM5Njg2_H2OSTAR,[0.00290911 0.01119996 0.02754778 ... 0.         0.         0.        ],[0.00187035 0.00415358 0.00768068 ... 0.         0.         0.        ]
UmVhY3Rpb246NDM1NTg1_COGAS,[0. 0. 0. ... 0. 0. 0.],[0. 0. 0. ... 0. 0. 0.]
UmVhY3Rpb246NDMzNjQw_STAR,[0. 0. 0. ... 0. 0. 0.],[0. 0. 0. ... 0. 0. 0.]
UmVhY3Rpb246MTc0NDY0_STAR,[0. 0. 0. ... 0. 0. 0.],[0. 0. 0. ... 0. 0. 0.]
UmVhY3Rpb246NDMxNjE2_H2OSTAR,[0.0014891  0.00572602 0.01345797 ... 0.         0.         0.        ],[0.00091431 0.00202644 0.00367392 ... 0.         0.         0.        ]
UmVhY3Rpb246MTU=_STAR,[0. 0. 0. ... 0. 0. 0.],[0. 0. 0. ... 0. 0. 0.]
UmVhY3Rpb246NDM0MDgy_NOSTAR,[0. 0. 0. ... 0. 0. 0.],[0. 0. 0. ... 0. 0. 0.]
UmVhY3Rpb246MTc0NDY2_STAR,[0. 0. 0. ... 0. 0. 0.],[0. 0. 0. ... 0. 0. 0.]
UmVhY3Rpb246NDMzOTc3_NOGAS,[0. 0. 0. ... 0. 0. 0.],[0. 0. 0. ... 0. 0. 0.]
UmVhY3Rpb246NDMzNTYy_COGAS,[0. 0. 0. ... 0. 0. 0.],[0. 0. 0. ... 0. 0. 0.]
UmVhY3Rpb246NDMxNjE2_STAR,[0. 0. 0. ... 0. 0. 0.],[0. 0. 0. ... 0. 0. 0.]
UmVhY3Rpb246MzM5NTUy_BULK,[0. 0. 0. ... 0. 0. 0.],[0. 0. 0. ... 0. 0. 0.]
UmVhY3Rpb246NDMzMDgx_NH3GAS,[0.01727417 0.06683309 0.1663292  ... 0.         0.         0.        ],[0.011424   0.02572566 0.04626007 ... 0.         0.         0.        ]
UmVhY3Rpb246MzM5Njg1_STAR,[0. 0. 0. ... 0. 0. 0.],[0. 0. 0. ... 0. 0. 0.]
UmVhY3Rpb246NDMyOTg1_STAR,[0. 0. 0. ... 0. 0. 0.],[0. 0. 0. ... 0. 0. 0.]
UmVhY3Rpb246NDM1NjM1_COGAS,[0. 0. 0. ... 0. 0. 0.],[0. 0. 0. ... 0. 0. 0.]
UmVhY3Rpb246MTQ=_NOGAS,[0. 0. 0. ... 0. 0. 0.],[0. 0. 0. ... 0. 0. 0.]
UmVhY3Rpb246NDMxNjA3_COSTAR,[0. 0. 0. ... 0. 0. 0.],[0. 0. 0. ... 0. 0. 0.]
UmVhY3Rpb246NzA=_OGAS,[0. 0. 0. ... 0. 0. 0.],[0. 0. 0. ... 0. 0. 0.]
UmVhY3Rpb246NjI=_OGAS,[0. 0. 0. ... 0. 0. 0.],[0. 0. 0. ... 0. 0. 0.]
UmVhY3Rpb246NDMzNjE5_STAR,[0. 0. 0. ... 0. 0. 0.],[0. 0. 0. ... 0. 0. 0.]
UmVhY3Rpb246NDM0MDcx_NOSTAR,[0. 0. 0. ... 0. 0. 0.],[0. 0. 0. ... 0. 0. 0.]
UmVhY3Rpb246NDM0MDgy_STAR,[0. 0. 0. ... 0. 0. 0.],[0. 0. 0. ... 0. 0. 0.]
UmVhY3Rpb246MTc0NDk4_H2GAS,[0.03792286 0.14515255 0.3512616  ... 0.         0.         0.        ],[0.02360496 0.05175611 0.0977391  ... 0.         0.         0.        ]
UmVhY3Rpb246NDMzNTE5_COGAS,[0. 0. 0. ... 0. 0. 0.],[0. 0. 0. ... 0. 0. 0.]
UmVhY3Rpb246MTE=_NOGAS,[0. 0. 0. ... 0. 0. 0.],[0. 0. 0. ... 0. 0. 0.]
UmVhY3Rpb246ODI3MTc=_COSTAR,[0. 0. 0. ... 0. 0. 0.],[0. 0. 0. ... 0. 0. 0.]
UmVhY3Rpb246MTc0NDcw_H2GAS,[0.03792286 0.14515255 0.3512616  ... 0.         0.         0.        ],[0.02360496 0.05175611 0.0977391  ... 0.         0.         0.        ]
UmVhY3Rpb246NDMzMTA1_NH3GAS,[0.01727417 0.06683309 0.1663292  ... 0.         0.         0.        ],[0.011424   0.02572566 0.04626007 ... 0.         0.         0.        ]
UmVhY3Rpb246MzM5NjY4_H2OSTAR,[0.00188151 0.00725617 0.01695602 ... 0.         0.         0.        ],[0.00116211 0.0025559  0.00473582 ... 0.         0.         0.        ]
UmVhY3Rpb246NDM0MDky_STAR,[0. 0. 0. ... 0. 0. 0.],[0. 0. 0. ... 0. 0. 0.]
UmVhY3Rpb246NDMzMDMz_NH3GAS,[0.01727417 0.06683309 0.1663292  ... 0.         0.         0.        ],[0.011424   0.02572566 0.04626007 ... 0.         0.         0.        ]
UmVhY3Rpb246NDM1NTQz_COSTAR,[0. 0. 0. ... 0. 0. 0.],[0. 0. 0. ... 0. 0. 0.]
UmVhY3Rpb246NjQ=_OSTAR,[0. 0. 0. ... 0. 0. 0.],[0. 0. 0. ... 0. 0. 0.]
UmVhY3Rpb246NDMzNTM0_COSTAR,[0. 0. 0. ... 0. 0. 0.],[0. 0. 0. ... 0. 0. 0.]
UmVhY3Rpb246MTc=_NOSTAR,[0. 0. 0. ... 0. 0. 0.],[0. 0. 0. ... 0. 0. 0.]
UmVhY3Rpb246MzM5MDg5_BULK,[0. 0. 0. ... 0. 0. 0.],[0. 0. 0. ... 0. 0. 0.]
UmVhY3Rpb246NDM1NjEx_COSTAR,[0. 0. 0. ... 0. 0. 0.],[0. 0. 0. ... 0. 0. 0.]
UmVhY3Rpb246MzM5NTUx_H2OSTAR,[0.00206245 0.00793393 0.01879018 ... 0.         0.         0.        ],[0.00126742 0.00284908 0.00498105 ... 0.         0.         0.        ]
UmVhY3Rpb246MTAx_COGAS,[0. 0. 0. ... 0. 0. 0.],[0. 0. 0. ... 0. 0. 0.]
UmVhY3Rpb246NDMzOTk4_STAR,[0. 0. 0. ... 0. 0. 0.],[0. 0. 0. ... 0. 0. 0.]
UmVhY3Rpb246Nw==_NOGAS,[0. 0. 0. ... 0. 0. 0.],[0. 0. 0. ... 0. 0. 0.]
UmVhY3Rpb246NDMzNDk5_COGAS,[0. 0. 0. ... 0. 0. 0.],[0. 0. 0. ... 0. 0. 0.]
UmVhY3Rpb246OTk=_STAR,[0. 0. 0. ... 0. 0. 0.],[0. 0. 0. ... 0. 0. 0.]
UmVhY3Rpb246MTA2_STAR,[0. 0. 0. ... 0. 0. 0.],[0. 0. 0. ... 0. 0. 0.]
UmVhY3Rpb246Njc=_OGAS,[0. 0. 0. ... 0. 0. 0.],[0. 0. 0. ... 0. 0. 0.]
UmVhY3Rpb246NDM1Nzc2_STAR,[0. 0. 0. ... 0. 0. 0.],[0. 0. 0. ... 0. 0. 0.]
UmVhY3Rpb246MzM5Njg3_H2OGAS,[0.01476464 0.05685913 0.13982329 ... 0.         0.         0.        ],[0.00949045 0.02107727 0.03897097 ... 0.         0.         0.        ]
UmVhY3Rpb246NDMyOTY3_NH3STAR,[0.00213255 0.00824715 0.02052629 ... 0.         0.         0.        ],[0.00141012 0.00316747 0.00573466 ... 0.         0.         0.        ]
UmVhY3Rpb246MTc0NTE4_CHOSTAR,[0.0003119  0.00119128 0.00287165 ... 0.         0.         0.        ],[0.00019343 0.00042311 0.00080176 ... 0.         0.         0.        ]
UmVhY3Rpb246MzM5Mzkw_STAR,[0. 0. 0. ... 0. 0. 0.],[0. 0. 0. ... 0. 0. 0.]
UmVhY3Rpb246NDMzNTg5_COGAS,[0. 0. 0. ... 0. 0. 0.],[0. 0. 0. ... 0. 0. 0.]
UmVhY3Rpb246NDM0MDcx_NOGAS,[0. 0. 0. ... 0. 0. 0.],[0. 0. 0. ... 0. 0. 0.]
UmVhY3Rpb246NzE=_STAR,[0. 0. 0. ... 0. 0. 0.],[0. 0. 0. ... 0. 0. 0.]
UmVhY3Rpb246MzM5Njg1_H2OGAS,[0.01476464 0.05685913 0.13982329 ... 0.         0.         0.        ],[0.00949045 0.02107727 0.03897097 ... 0.         0.         0.        ]
UmVhY3Rpb246MzM5Njg1_H2OSTAR,[0.00206223 0.00795416 0.01874879 ... 0.         0.         0.        ],[0.00128353 0.0028132  0.00528716 ... 0.         0.         0.        ]
UmVhY3Rpb246MTc0NDY2_CHOSTAR,[0.00031131 0.00118902 0.00286611 ... 0.         0.         0.        ],[0.00019305 0.00042223 0.0008003  ... 0.         0.         0.        ]
UmVhY3Rpb246NDMxNjA5_STAR,[0. 0. 0. ... 0. 0. 0.],[0. 0. 0. ... 0. 0. 0.]
UmVhY3Rpb246MzM5NTg1_H2OSTAR,[0.00188405 0.00725014 0.01701325 ... 0.         0.         0.        ],[0.00115711 0.00256858 0.00463575 ... 0.         0.         0.        ]
UmVhY3Rpb246NjE=_OSTAR,[0. 0. 0. ... 0. 0. 0.],[0. 0. 0. ... 0. 0. 0.]
UmVhY3Rpb246NDMyOTYx_STAR,[0. 0. 0. ... 0. 0. 0.],[0. 0. 0. ... 0. 0. 0.]
UmVhY3Rpb246MTc0NTA0_COSTAR,[0. 0. 0. ... 0. 0. 0.],[0. 0. 0. ... 0. 0. 0.]
UmVhY3Rpb246NDM1NTQz_COGAS,[0. 0. 0. ... 0. 0. 0.],[0. 0. 0. ... 0. 0. 0.]
UmVhY3Rpb246MTA2_COSTAR,[0. 0. 0. ... 0. 0. 0.],[0. 0. 0. ... 0. 0. 0.]
UmVhY3Rpb246NDMxNjE5_NH3GAS,[0.01782933 0.06898772 0.17173411 ... 0.         0.         0.        ],[0.01178197 0.02650714 0.04779426 ... 0.         0.         0.        ]
UmVhY3Rpb246NDMzNTc5_STAR,[0. 0. 0. ... 0. 0. 0.],[0. 0. 0. ... 0. 0. 0.]
UmVhY3Rpb246NDMzNTM1_COGAS,[0. 0. 0. ... 0. 0. 0.],[0. 0. 0. ... 0. 0. 0.]
UmVhY3Rpb246Mg==_NOSTAR,[0. 0. 0. ... 0. 0. 0.],[0. 0. 0. ... 0. 0. 0.]
UmVhY3Rpb246MzM5MDU3_H2OSTAR,[0.00188234 0.00725432 0.01697623 ... 0.         0.         0.        ],[0.00115984 0.00256214 0.00468887 ... 0.         0.         0.        ]
UmVhY3Rpb246MzM5Mzkw_H2OSTAR,[0.0018846  0.00724826 0.01702546 ... 0.         0.         0.        ],[0.00115615 0.00257051 0.00461813 ... 0.         0.         0.        ]
UmVhY3Rpb246MzM5MDU3_H2OGAS,[0.01476464 0.05685913 0.13982329 ... 0.         0.         0.        ],[0.00949045 0.02107727 0.03897097 ... 0.         0.         0.        ]
UmVhY3Rpb246MzM5NTg1_STAR,[0. 0. 0. ... 0. 0. 0.],[0. 0. 0. ... 0. 0. 0.]
UmVhY3Rpb246NDMzNjYz_STAR,[0. 0. 0. ... 0. 0. 0.],[0. 0. 0. ... 0. 0. 0.]
UmVhY3Rpb246NDMxNjAy_STAR,[0. 0. 0. ... 0. 0. 0.],[0. 0. 0. ... 0. 0. 0.]
UmVhY3Rpb246NDMzMDc1_NH3STAR,[0.00215665 0.00833961 0.020771   ... 0.         0.         0.        ],[0.00142613 0.00320186 0.00580624 ... 0.         0.         0.        ]
UmVhY3Rpb246MTAz_COGAS,[0. 0. 0. ... 0. 0. 0.],[0. 0. 0. ... 0. 0. 0.]
UmVhY3Rpb246NDMzNjEy_STAR,[0. 0. 0. ... 0. 0. 0.],[0. 0. 0. ... 0. 0. 0.]
UmVhY3Rpb246NDEwOA==_STAR,[0. 0. 0. ... 0. 0. 0.],[0. 0. 0. ... 0. 0. 0.]
UmVhY3Rpb246Ng==_STAR,[0. 0. 0. ... 0. 0. 0.],[0. 0. 0. ... 0. 0. 0.]
UmVhY3Rpb246NDMzNjMy_STAR,[0. 0. 0. ... 0. 0. 0.],[0. 0. 0. ... 0. 0. 0.]
UmVhY3Rpb246NDMzNjMy_COGAS,[0. 0. 0. ... 0. 0. 0.],[0. 0. 0. ... 0. 0. 0.]
UmVhY3Rpb246NTY=_STAR,[0. 0. 0. ... 0. 0. 0.],[0. 0. 0. ... 0. 0. 0.]
UmVhY3Rpb246NTU=_OSTAR,[0. 0. 0. ... 0. 0. 0.],[0. 0. 0. ... 0. 0. 0.]
UmVhY3Rpb246NDM0MTA3_NOGAS,[0. 0. 0. ... 0. 0. 0.],[0. 0. 0. ... 0. 0. 0.]
UmVhY3Rpb246NDMzNTc5_COGAS,[0. 0. 0. ... 0. 0. 0.],[0. 0. 0. ... 0. 0. 0.]
UmVhY3Rpb246MTI=_NOGAS,[0. 0. 0. ... 0. 0. 0.],[0. 0. 0. ... 0. 0. 0.]
UmVhY3Rpb246NDMzMDc1_NH3GAS,[0.01727417 0.06683309 0.1663292  ... 0.         0.         0.        ],[0.011424   0.02572566 0.04626007 ... 0.         0.         0.        ]
UmVhY3Rpb246MzM5Njg3_STAR,[0. 0. 0. ... 0. 0. 0.],[0. 0. 0. ... 0. 0. 0.]
UmVhY3Rpb246MzM5NzQ0_H2OSTAR,[0.00188338 0.00725502 0.01698435 ... 0.         0.         0.        ],[0.00116423 0.00254978 0.0047803  ... 0.         0.         0.        ]
UmVhY3Rpb246NDMzNTg0_STAR,[0. 0. 0. ... 0. 0. 0.],[0. 0. 0. ... 0. 0. 0.]
UmVhY3Rpb246MzM5MTYy_H2OSTAR,[0.0018905  0.00724846 0.01711028 ... 0.         0.         0.        ],[0.00116539 0.00254626 0.00480499 ... 0.         0.         0.        ]
UmVhY3Rpb246MzM5Mzg5_H2OGAS,[0.01476464 0.05685913 0.13982329 ... 0.         0.         0.        ],[0.00949045 0.02107727 0.03897097 ... 0.         0.         0.        ]
UmVhY3Rpb246NDM1Njk1_COGAS,[0. 0. 0. ... 0. 0. 0.],[0. 0. 0. ... 0. 0. 0.]
UmVhY3Rpb246NjA=_OGAS,[0. 0. 0. ... 0. 0. 0.],[0. 0. 0. ... 0. 0. 0.]
UmVhY3Rpb246NDM1Njc1_STAR,"[ 0.          0.          0.         ...  0.09930975 -0.08828542
  0.0786958 ]","[ 0.          0.          0.         ...  0.00234059 -0.00140478
  0.00084328]"
UmVhY3Rpb246NDM0MDA4_STAR,[0. 0. 0. ... 0. 0. 0.],[0. 0. 0. ... 0. 0. 0.]
UmVhY3Rpb246NTg=_OSTAR,[0. 0. 0. ... 0. 0. 0.],[0. 0. 0. ... 0. 0. 0.]
UmVhY3Rpb246ODI3MTQ=_COGAS,[0. 0. 0. ... 0. 0. 0.],[0. 0. 0. ... 0. 0. 0.]
UmVhY3Rpb246NDM1NTQ3_COSTAR,[0. 0. 0. ... 0. 0. 0.],[0. 0. 0. ... 0. 0. 0.]
UmVhY3Rpb246MTc=_NOGAS,[0. 0. 0. ... 0. 0. 0.],[0. 0. 0. ... 0. 0. 0.]
UmVhY3Rpb246NzI=_OSTAR,[0. 0. 0. ... 0. 0. 0.],[0. 0. 0. ... 0. 0. 0.]
UmVhY3Rpb246MTA2_COGAS,[0. 0. 0. ... 0. 0. 0.],[0. 0. 0. ... 0. 0. 0.]
UmVhY3Rpb246MzM5NjY3_STAR,[0. 0. 0. ... 0. 0. 0.],[0. 0. 0. ... 0. 0. 0.]
UmVhY3Rpb246NDM1NzAx_COSTAR,[0. 0. 0. ... 0. 0. 0.],[0. 0. 0. ... 0. 0. 0.]
UmVhY3Rpb246NDMzNjQ4_STAR,[0. 0. 0. ... 0. 0. 0.],[0. 0. 0. ... 0. 0. 0.]
UmVhY3Rpb246MzM5Njg2_H2OGAS,[0.01476464 0.05685913 0.13982329 ... 0.         0.         0.        ],[0.00949045 0.02107727 0.03897097 ... 0.         0.         0.        ]
UmVhY3Rpb246NDMzOTc3_NOSTAR,[0. 0. 0. ... 0. 0. 0.],[0. 0. 0. ... 0. 0. 0.]
UmVhY3Rpb246MTc0NDc0_STAR,[0. 0. 0. ... 0. 0. 0.],[0. 0. 0. ... 0. 0. 0.]
UmVhY3Rpb246NDM1NzUy_STAR,[0. 0. 0. ... 0. 0. 0.],[0. 0. 0. ... 0. 0. 0.]
UmVhY3Rpb246Mw==_NOSTAR,[0. 0. 0. ... 0. 0. 0.],[0. 0. 0. ... 0. 0. 0.]
UmVhY3Rpb246NDMzNjYz_COSTAR,[0. 0. 0. ... 0. 0. 0.],[0. 0. 0. ... 0. 0. 0.]
UmVhY3Rpb246MTA4_COGAS,[0. 0. 0. ... 0. 0. 0.],[0. 0. 0. ... 0. 0. 0.]
UmVhY3Rpb246NDMzNjUx_COSTAR,[0. 0. 0. ... 0. 0. 0.],[0. 0. 0. ... 0. 0. 0.]
UmVhY3Rpb246Mg==_NOGAS,[0. 0. 0. ... 0. 0. 0.],[0. 0. 0. ... 0. 0. 0.]
UmVhY3Rpb246NDMzNjMx_STAR,[0. 0. 0. ... 0. 0. 0.],[0. 0. 0. ... 0. 0. 0.]
UmVhY3Rpb246MzM5MDU2_STAR,[0. 0. 0. ... 0. 0. 0.],[0. 0. 0. ... 0. 0. 0.]
UmVhY3Rpb246MzM5NTg0_STAR,[0. 0. 0. ... 0. 0. 0.],[0. 0. 0. ... 0. 0. 0.]
UmVhY3Rpb246NDMzNDg4_COSTAR,[0. 0. 0. ... 0. 0. 0.],[0. 0. 0. ... 0. 0. 0.]
UmVhY3Rpb246NDM1Njk3_COGAS,[0. 0. 0. ... 0. 0. 0.],[0. 0. 0. ... 0. 0. 0.]
UmVhY3Rpb246NDMzNjYz_COGAS,[0. 0. 0. ... 0. 0. 0.],[0. 0. 0. ... 0. 0. 0.]
UmVhY3Rpb246NDMzMDg3_STAR,[0. 0. 0. ... 0. 0. 0.],[0. 0. 0. ... 0. 0. 0.]
UmVhY3Rpb246NDM0MDA4_NOSTAR,[0. 0. 0. ... 0. 0. 0.],[0. 0. 0. ... 0. 0. 0.]
UmVhY3Rpb246NDMzMDY5_NH3GAS,[0.01727417 0.06683309 0.1663292  ... 0.         0.         0.        ],[0.011424   0.02572566 0.04626007 ... 0.         0.         0.        ]
UmVhY3Rpb246NjU=_OSTAR,[0. 0. 0. ... 0. 0. 0.],[0. 0. 0. ... 0. 0. 0.]
UmVhY3Rpb246NDMzNjE3_COSTAR,[0. 0. 0. ... 0. 0. 0.],[0. 0. 0. ... 0. 0. 0.]
UmVhY3Rpb246OTk=_COGAS,[0. 0. 0. ... 0. 0. 0.],[0. 0. 0. ... 0. 0. 0.]
UmVhY3Rpb246MTc0NDgw_COGAS,[0. 0. 0. ... 0. 0. 0.],[0. 0. 0. ... 0. 0. 0.]
UmVhY3Rpb246NDMzMDk5_NH3STAR,[0.00214518 0.00829628 0.02065006 ... 0.         0.         0.        ],[0.00141835 0.00318553 0.00576973 ... 0.         0.         0.        ]
UmVhY3Rpb246MzM5MjI0_BULK,[0. 0. 0. ... 0. 0. 0.],[0. 0. 0. ... 0. 0. 0.]
UmVhY3Rpb246MzM5MDU3_STAR,[0. 0. 0. ... 0. 0. 0.],[0. 0. 0. ... 0. 0. 0.]
UmVhY3Rpb246NDMzNjEy_COSTAR,[0. 0. 0. ... 0. 0. 0.],[0. 0. 0. ... 0. 0. 0.]
UmVhY3Rpb246ODI3MTM=_COGAS,[0. 0. 0. ... 0. 0. 0.],[0. 0. 0. ... 0. 0. 0.]
UmVhY3Rpb246NDMxNjE2_H2OGAS,[0.01496335 0.05762522 0.14171301 ... 0.         0.         0.        ],[0.00961532 0.02134936 0.03950056 ... 0.         0.         0.        ]
UmVhY3Rpb246NDM0MDU0_NOSTAR,[0. 0. 0. ... 0. 0. 0.],[0. 0. 0. ... 0. 0. 0.]
UmVhY3Rpb246NjY=_OGAS,[0. 0. 0. ... 0. 0. 0.],[0. 0. 0. ... 0. 0. 0.]
UmVhY3Rpb246MzM5NzQx_H2OGAS,[0.01476464 0.05685913 0.13982329 ... 0.         0.         0.        ],[0.00949045 0.02107727 0.03897097 ... 0.         0.         0.        ]
UmVhY3Rpb246MzM5MDIx_BULK,[0. 0. 0. ... 0. 0. 0.],[0. 0. 0. ... 0. 0. 0.]
UmVhY3Rpb246NDMzMDIx_NH3GAS,[0.01727417 0.06683309 0.1663292  ... 0.         0.         0.        ],[0.011424   0.02572566 0.04626007 ... 0.         0.         0.        ]
UmVhY3Rpb246MzM5MDU2_H2OSTAR,[0.00291229 0.01121198 0.02757846 ... 0.         0.         0.        ],[0.00187231 0.00415812 0.00768807 ... 0.         0.         0.        ]
UmVhY3Rpb246MzM5Njg4_STAR,[0. 0. 0. ... 0. 0. 0.],[0. 0. 0. ... 0. 0. 0.]
